PIMEMU_BEGIN,	18656,	0
PIMEMU_END,	18656,	1
PIMEMU_END,	18656,	2
PIMEMU_END,	18656,	3
PIMEMU_END,	18656,	4
PIMEMU_END,	18656,	5
PIMEMU_END,	18656,	6
PIMEMU_END,	18656,	7
PIMEMU_END,	18656,	8
PIMEMU_END,	18656,	9
PIMEMU_END,	18656,	10
PIMEMU_END,	18656,	11
PIMEMU_END,	18656,	12
PIMEMU_END,	18656,	13
PIMEMU_END,	18656,	14
PIMEMU_END,	18656,	15
PIMEMU_END,	18656,	16
PIMEMU_END,	18656,	17
PIMEMU_END,	18656,	18
PT_LAUNCH,	18656,	19,	4080355072
PT_JOIN,	18656,	20,	4080355072
PT_START,	18658,	0,	18656,	19,	4080355072
PT_EXIT,	18658,	1
OCL_LAUNCH_PIM,	18656,	19,	0,	bpnn_layerforward_pim,	0,	140737018649600
PT_LAUNCH,	18656,	21,	4080355072
PT_JOIN,	18656,	22,	4080355072
PT_START,	18659,	0,	18656,	21,	4080355072
PT_EXIT,	18659,	1
OCL_LAUNCH_PIM,	18656,	21,	1,	bpnn_layerforward_pim,	0,	140737018637792
PT_LAUNCH,	18656,	23,	4080355072
PT_JOIN,	18656,	24,	4080355072
PT_START,	18660,	0,	18656,	23,	4080355072
PT_EXIT,	18660,	1
OCL_LAUNCH_PIM,	18656,	23,	2,	bpnn_layerforward_pim,	0,	140737018946224
PIMEMU_END,	18656,	25
PIMEMU_END,	18656,	26
PIMEMU_END,	18656,	27
PIMEMU_END,	18656,	28
PIMEMU_END,	18656,	29
PIMEMU_END,	18656,	30
PIMEMU_END,	18656,	31
PIMEMU_END,	18656,	32
PIMEMU_END,	18656,	33
PIMEMU_END,	18656,	34
PIMEMU_END,	18656,	35
PIMEMU_END,	18656,	36
PIMEMU_END,	18656,	37
PIMEMU_END,	18656,	38
PIMEMU_END,	18656,	39
PIMEMU_END,	18656,	40
PIMEMU_END,	18656,	41
PIMEMU_END,	18656,	42
PIMEMU_END,	18656,	43
PIMEMU_END,	18656,	44
PIMEMU_END,	18656,	45
PIMEMU_END,	18656,	46
PIMEMU_END,	18656,	47
PIMEMU_END,	18656,	48
PT_LAUNCH,	18656,	49,	4080355072
PT_JOIN,	18656,	50,	4080355072
PT_START,	18661,	0,	18656,	49,	4080355072
PT_EXIT,	18661,	1
OCL_LAUNCH_PIM,	18656,	49,	0,	bpnn_adjust_weights_pim,	0,	140737018950048
PT_LAUNCH,	18656,	51,	4080355072
PT_START,	18662,	0,	18656,	51,	4080355072
PT_JOIN,	18656,	52,	4080355072
PT_EXIT,	18662,	1
OCL_LAUNCH_PIM,	18656,	51,	1,	bpnn_adjust_weights_pim,	0,	140737018953472
PT_LAUNCH,	18656,	53,	4080355072
PT_JOIN,	18656,	54,	4080355072
PT_START,	18663,	0,	18656,	53,	4080355072
PT_EXIT,	18663,	1
OCL_LAUNCH_PIM,	18656,	53,	2,	bpnn_adjust_weights_pim,	0,	140737018644864
PIMEMU_END,	18656,	55
PIMEMU_END,	18656,	56
PIMEMU_END,	18656,	57
PIMEMU_END,	18656,	58
PIMEMU_END,	18656,	59
PIMEMU_END,	18656,	60
PIMEMU_END,	18656,	61
PIMEMU_END,	18656,	62
PIMEMU_END,	18656,	63
PIMEMU_END,	18656,	64
PIMEMU_END,	18656,	65
PIMEMU_END,	18656,	66
PIMEMU_END,	18656,	67
PIMEMU_LAST,	18656,	67
