PIMEMU_BEGIN,	7824,	0
PIMEMU_END,	7824,	1
PIMEMU_END,	7824,	2
PIMEMU_END,	7824,	3
PIMEMU_END,	7824,	4
PIMEMU_END,	7824,	5
PIMEMU_END,	7824,	6
PIMEMU_END,	7824,	7
PIMEMU_END,	7824,	8
PIMEMU_END,	7824,	9
PIMEMU_END,	7824,	10
PIMEMU_END,	7824,	11
PIMEMU_END,	7824,	12
PIMEMU_END,	7824,	13
PIMEMU_END,	7824,	14
PIMEMU_END,	7824,	15
PIMEMU_END,	7824,	16
PIMEMU_END,	7824,	17
PIMEMU_END,	7824,	18
PIMEMU_END,	7824,	19
PIMEMU_END,	7824,	20
PIMEMU_END,	7824,	21
PIMEMU_END,	7824,	22
PIMEMU_END,	7824,	23
PIMEMU_END,	7824,	24
PIMEMU_END,	7824,	25
PIMEMU_END,	7824,	26
PIMEMU_END,	7824,	27
PIMEMU_END,	7824,	28
PIMEMU_END,	7824,	29
PIMEMU_END,	7824,	30
PIMEMU_END,	7824,	31
PIMEMU_END,	7824,	32
PIMEMU_END,	7824,	33
PIMEMU_END,	7824,	34
PIMEMU_END,	7824,	35
PIMEMU_END,	7824,	36
PIMEMU_END,	7824,	37
PIMEMU_END,	7824,	38
PT_LAUNCH,	7824,	39,	4041524992
PT_JOIN,	7824,	40,	4041524992
PT_START,	7833,	0,	7824,	39,	4041524992
PT_EXIT,	7833,	1
OCL_LAUNCH_PIM,	7824,	39,	0,	BFS_1_pim,	0,	140737018647888
PIMEMU_END,	7824,	41
PIMEMU_END,	7824,	42
PT_LAUNCH,	7824,	43,	4041524992
PT_JOIN,	7824,	44,	4041524992
PT_START,	7834,	0,	7824,	43,	4041524992
PT_EXIT,	7834,	1
OCL_LAUNCH_PIM,	7824,	43,	1,	BFS_1_pim,	0,	140737018636304
PIMEMU_END,	7824,	45
PIMEMU_END,	7824,	46
PT_LAUNCH,	7824,	47,	4041524992
PT_JOIN,	7824,	48,	4041524992
PT_START,	7835,	0,	7824,	47,	4041524992
PT_EXIT,	7835,	1
OCL_LAUNCH_PIM,	7824,	47,	2,	BFS_1_pim,	0,	140737018614640
PIMEMU_END,	7824,	49
PIMEMU_END,	7824,	50
PIMEMU_END,	7824,	51
PIMEMU_END,	7824,	52
PIMEMU_END,	7824,	53
PIMEMU_END,	7824,	54
PIMEMU_END,	7824,	55
PIMEMU_END,	7824,	56
PIMEMU_END,	7824,	57
PIMEMU_END,	7824,	58
PIMEMU_END,	7824,	59
PIMEMU_END,	7824,	60
PT_LAUNCH,	7824,	61,	4041524992
PT_JOIN,	7824,	62,	4041524992
PT_START,	7836,	0,	7824,	61,	4041524992
PT_EXIT,	7836,	1
OCL_LAUNCH_PIM,	7824,	61,	0,	BFS_2_pim,	0,	140737018682208
PT_LAUNCH,	7824,	63,	4041524992
PT_START,	7837,	0,	7824,	63,	4041524992
PT_JOIN,	7824,	64,	4041524992
PT_EXIT,	7837,	1
OCL_LAUNCH_PIM,	7824,	63,	1,	BFS_2_pim,	0,	140737018685296
PT_LAUNCH,	7824,	65,	4041524992
PT_JOIN,	7824,	66,	4041524992
PT_START,	7838,	0,	7824,	65,	4041524992
PT_EXIT,	7838,	1
OCL_LAUNCH_PIM,	7824,	65,	2,	BFS_2_pim,	0,	140737018610752
PIMEMU_END,	7824,	67
PIMEMU_END,	7824,	68
PIMEMU_END,	7824,	69
PIMEMU_END,	7824,	70
PIMEMU_END,	7824,	71
PIMEMU_END,	7824,	72
PIMEMU_END,	7824,	73
PIMEMU_END,	7824,	74
PIMEMU_END,	7824,	75
PIMEMU_END,	7824,	76
PIMEMU_END,	7824,	77
PIMEMU_END,	7824,	78
PIMEMU_END,	7824,	79
PIMEMU_END,	7824,	80
PIMEMU_END,	7824,	81
PIMEMU_END,	7824,	82
PIMEMU_END,	7824,	83
PIMEMU_END,	7824,	84
PIMEMU_END,	7824,	85
PIMEMU_END,	7824,	86
PIMEMU_END,	7824,	87
PIMEMU_END,	7824,	88
PIMEMU_END,	7824,	89
PIMEMU_END,	7824,	90
PIMEMU_END,	7824,	91
PIMEMU_END,	7824,	92
PIMEMU_END,	7824,	93
PIMEMU_END,	7824,	94
PT_LAUNCH,	7824,	95,	4041524992
PT_JOIN,	7824,	96,	4041524992
PT_START,	7839,	0,	7824,	95,	4041524992
PT_EXIT,	7839,	1
OCL_LAUNCH_PIM,	7824,	95,	0,	BFS_1_pim,	0,	140737018609248
PIMEMU_END,	7824,	97
PIMEMU_END,	7824,	98
PT_LAUNCH,	7824,	99,	4041524992
PT_JOIN,	7824,	100,	4041524992
PT_START,	7840,	0,	7824,	99,	4041524992
PT_EXIT,	7840,	1
OCL_LAUNCH_PIM,	7824,	99,	1,	BFS_1_pim,	0,	140737018676944
PIMEMU_END,	7824,	101
PIMEMU_END,	7824,	102
PT_LAUNCH,	7824,	103,	4041524992
PT_JOIN,	7824,	104,	4041524992
PT_START,	7841,	0,	7824,	103,	4041524992
PT_EXIT,	7841,	1
OCL_LAUNCH_PIM,	7824,	103,	2,	BFS_1_pim,	0,	140737018644304
PIMEMU_END,	7824,	105
PIMEMU_END,	7824,	106
PIMEMU_END,	7824,	107
PIMEMU_END,	7824,	108
PIMEMU_END,	7824,	109
PIMEMU_END,	7824,	110
PIMEMU_END,	7824,	111
PIMEMU_END,	7824,	112
PIMEMU_END,	7824,	113
PIMEMU_END,	7824,	114
PIMEMU_END,	7824,	115
PIMEMU_END,	7824,	116
PT_LAUNCH,	7824,	117,	4041524992
PT_JOIN,	7824,	118,	4041524992
PT_START,	7842,	0,	7824,	117,	4041524992
PT_EXIT,	7842,	1
OCL_LAUNCH_PIM,	7824,	117,	0,	BFS_2_pim,	0,	140737018608064
PT_LAUNCH,	7824,	119,	4041524992
PT_JOIN,	7824,	120,	4041524992
PT_START,	7843,	0,	7824,	119,	4041524992
PT_EXIT,	7843,	1
OCL_LAUNCH_PIM,	7824,	119,	1,	BFS_2_pim,	0,	140737018639712
PT_LAUNCH,	7824,	121,	4041524992
PT_JOIN,	7824,	122,	4041524992
PT_START,	7844,	0,	7824,	121,	4041524992
PT_EXIT,	7844,	1
OCL_LAUNCH_PIM,	7824,	121,	2,	BFS_2_pim,	0,	140737018675520
PIMEMU_END,	7824,	123
PIMEMU_END,	7824,	124
PIMEMU_END,	7824,	125
PIMEMU_END,	7824,	126
PIMEMU_END,	7824,	127
PIMEMU_END,	7824,	128
PIMEMU_END,	7824,	129
PIMEMU_END,	7824,	130
PIMEMU_END,	7824,	131
PIMEMU_END,	7824,	132
PIMEMU_END,	7824,	133
PIMEMU_END,	7824,	134
PIMEMU_END,	7824,	135
PIMEMU_END,	7824,	136
PIMEMU_END,	7824,	137
PIMEMU_END,	7824,	138
PIMEMU_END,	7824,	139
PIMEMU_END,	7824,	140
PIMEMU_END,	7824,	141
PIMEMU_END,	7824,	142
PIMEMU_END,	7824,	143
PIMEMU_END,	7824,	144
PIMEMU_END,	7824,	145
PIMEMU_END,	7824,	146
PIMEMU_END,	7824,	147
PIMEMU_END,	7824,	148
PIMEMU_END,	7824,	149
PIMEMU_END,	7824,	150
PT_LAUNCH,	7824,	151,	4041524992
PT_JOIN,	7824,	152,	4041524992
PT_START,	7845,	0,	7824,	151,	4041524992
PT_EXIT,	7845,	1
OCL_LAUNCH_PIM,	7824,	151,	0,	BFS_1_pim,	0,	140737018710512
PIMEMU_END,	7824,	153
PIMEMU_END,	7824,	154
PT_LAUNCH,	7824,	155,	4041524992
PT_START,	7846,	0,	7824,	155,	4041524992
PT_JOIN,	7824,	156,	4041524992
PT_EXIT,	7846,	1
OCL_LAUNCH_PIM,	7824,	155,	1,	BFS_1_pim,	0,	140737018649840
PIMEMU_END,	7824,	157
PIMEMU_END,	7824,	158
PT_LAUNCH,	7824,	159,	4041524992
PT_JOIN,	7824,	160,	4041524992
PT_START,	7847,	0,	7824,	159,	4041524992
PT_EXIT,	7847,	1
OCL_LAUNCH_PIM,	7824,	159,	2,	BFS_1_pim,	0,	140737018716864
PIMEMU_END,	7824,	161
PIMEMU_END,	7824,	162
PIMEMU_END,	7824,	163
PIMEMU_END,	7824,	164
PIMEMU_END,	7824,	165
PIMEMU_END,	7824,	166
PIMEMU_END,	7824,	167
PIMEMU_END,	7824,	168
PIMEMU_END,	7824,	169
PIMEMU_END,	7824,	170
PIMEMU_END,	7824,	171
PIMEMU_END,	7824,	172
PT_LAUNCH,	7824,	173,	4041524992
PT_JOIN,	7824,	174,	4041524992
PT_START,	7848,	0,	7824,	173,	4041524992
PT_EXIT,	7848,	1
OCL_LAUNCH_PIM,	7824,	173,	0,	BFS_2_pim,	0,	140737018691536
PT_LAUNCH,	7824,	175,	4041524992
PT_JOIN,	7824,	176,	4041524992
PT_START,	7849,	0,	7824,	175,	4041524992
PT_EXIT,	7849,	1
OCL_LAUNCH_PIM,	7824,	175,	1,	BFS_2_pim,	0,	140737018723168
PT_LAUNCH,	7824,	177,	4041524992
PT_START,	7850,	0,	7824,	177,	4041524992
PT_JOIN,	7824,	178,	4041524992
PT_EXIT,	7850,	1
OCL_LAUNCH_PIM,	7824,	177,	2,	BFS_2_pim,	0,	140737018726544
PIMEMU_END,	7824,	179
PIMEMU_END,	7824,	180
PIMEMU_END,	7824,	181
PIMEMU_END,	7824,	182
PIMEMU_END,	7824,	183
PIMEMU_END,	7824,	184
PIMEMU_END,	7824,	185
PIMEMU_END,	7824,	186
PIMEMU_END,	7824,	187
PIMEMU_END,	7824,	188
PIMEMU_END,	7824,	189
PIMEMU_END,	7824,	190
PIMEMU_END,	7824,	191
PIMEMU_END,	7824,	192
PIMEMU_END,	7824,	193
PIMEMU_END,	7824,	194
PIMEMU_END,	7824,	195
PIMEMU_END,	7824,	196
PIMEMU_END,	7824,	197
PIMEMU_END,	7824,	198
PIMEMU_END,	7824,	199
PIMEMU_END,	7824,	200
PIMEMU_END,	7824,	201
PIMEMU_END,	7824,	202
PIMEMU_END,	7824,	203
PIMEMU_END,	7824,	204
PIMEMU_END,	7824,	205
PIMEMU_END,	7824,	206
PT_LAUNCH,	7824,	207,	4041524992
PT_JOIN,	7824,	208,	4041524992
PT_START,	7851,	0,	7824,	207,	4041524992
PT_EXIT,	7851,	1
OCL_LAUNCH_PIM,	7824,	207,	0,	BFS_1_pim,	0,	140737018729648
PIMEMU_END,	7824,	209
PIMEMU_END,	7824,	210
PT_LAUNCH,	7824,	211,	4041524992
PT_START,	7852,	0,	7824,	211,	4041524992
PT_JOIN,	7824,	212,	4041524992
PT_EXIT,	7852,	1
OCL_LAUNCH_PIM,	7824,	211,	1,	BFS_1_pim,	0,	140737018642704
PIMEMU_END,	7824,	213
PIMEMU_END,	7824,	214
PT_LAUNCH,	7824,	215,	4041524992
PT_JOIN,	7824,	216,	4041524992
PT_START,	7853,	0,	7824,	215,	4041524992
PT_EXIT,	7853,	1
OCL_LAUNCH_PIM,	7824,	215,	2,	BFS_1_pim,	0,	140737018732768
PIMEMU_END,	7824,	217
PIMEMU_END,	7824,	218
PIMEMU_END,	7824,	219
PIMEMU_END,	7824,	220
PIMEMU_END,	7824,	221
PIMEMU_END,	7824,	222
PIMEMU_END,	7824,	223
PIMEMU_END,	7824,	224
PIMEMU_END,	7824,	225
PIMEMU_END,	7824,	226
PIMEMU_END,	7824,	227
PIMEMU_END,	7824,	228
PT_LAUNCH,	7824,	229,	4041524992
PT_JOIN,	7824,	230,	4041524992
PT_START,	7854,	0,	7824,	229,	4041524992
PT_EXIT,	7854,	1
OCL_LAUNCH_PIM,	7824,	229,	0,	BFS_2_pim,	0,	140737018736752
PT_LAUNCH,	7824,	231,	4041524992
PT_JOIN,	7824,	232,	4041524992
PT_START,	7855,	0,	7824,	231,	4041524992
PT_EXIT,	7855,	1
OCL_LAUNCH_PIM,	7824,	231,	1,	BFS_2_pim,	0,	140737018637888
PT_LAUNCH,	7824,	233,	4041524992
PT_START,	7856,	0,	7824,	233,	4041524992
PT_JOIN,	7824,	234,	4041524992
PT_EXIT,	7856,	1
OCL_LAUNCH_PIM,	7824,	233,	2,	BFS_2_pim,	0,	140737018746816
PIMEMU_END,	7824,	235
PIMEMU_END,	7824,	236
PIMEMU_END,	7824,	237
PIMEMU_END,	7824,	238
PIMEMU_END,	7824,	239
PIMEMU_END,	7824,	240
PIMEMU_END,	7824,	241
PIMEMU_END,	7824,	242
PIMEMU_END,	7824,	243
PIMEMU_END,	7824,	244
PIMEMU_END,	7824,	245
PIMEMU_END,	7824,	246
PIMEMU_END,	7824,	247
PIMEMU_END,	7824,	248
PIMEMU_END,	7824,	249
PIMEMU_END,	7824,	250
PIMEMU_END,	7824,	251
PIMEMU_END,	7824,	252
PIMEMU_END,	7824,	253
PIMEMU_END,	7824,	254
PIMEMU_END,	7824,	255
PIMEMU_END,	7824,	256
PIMEMU_END,	7824,	257
PIMEMU_END,	7824,	258
PIMEMU_END,	7824,	259
PIMEMU_END,	7824,	260
PIMEMU_END,	7824,	261
PIMEMU_END,	7824,	262
PT_LAUNCH,	7824,	263,	4041524992
PT_JOIN,	7824,	264,	4041524992
PT_START,	7857,	0,	7824,	263,	4041524992
PT_EXIT,	7857,	1
OCL_LAUNCH_PIM,	7824,	263,	0,	BFS_1_pim,	0,	140737018740000
PIMEMU_END,	7824,	265
PIMEMU_END,	7824,	266
PT_LAUNCH,	7824,	267,	4041524992
PT_JOIN,	7824,	268,	4041524992
PT_START,	7858,	0,	7824,	267,	4041524992
PT_EXIT,	7858,	1
OCL_LAUNCH_PIM,	7824,	267,	1,	BFS_1_pim,	0,	140737018753088
PIMEMU_END,	7824,	269
PIMEMU_END,	7824,	270
PT_LAUNCH,	7824,	271,	4041524992
PT_JOIN,	7824,	272,	4041524992
PT_START,	7859,	0,	7824,	271,	4041524992
PT_EXIT,	7859,	1
OCL_LAUNCH_PIM,	7824,	271,	2,	BFS_1_pim,	0,	140737018756128
PIMEMU_END,	7824,	273
PIMEMU_END,	7824,	274
PIMEMU_END,	7824,	275
PIMEMU_END,	7824,	276
PIMEMU_END,	7824,	277
PIMEMU_END,	7824,	278
PIMEMU_END,	7824,	279
PIMEMU_END,	7824,	280
PIMEMU_END,	7824,	281
PIMEMU_END,	7824,	282
PIMEMU_END,	7824,	283
PIMEMU_END,	7824,	284
PT_LAUNCH,	7824,	285,	4041524992
PT_JOIN,	7824,	286,	4041524992
PT_START,	7860,	0,	7824,	285,	4041524992
PT_EXIT,	7860,	1
OCL_LAUNCH_PIM,	7824,	285,	0,	BFS_2_pim,	0,	140737018759168
PT_LAUNCH,	7824,	287,	4041524992
PT_START,	7861,	0,	7824,	287,	4041524992
PT_JOIN,	7824,	288,	4041524992
PT_EXIT,	7861,	1
OCL_LAUNCH_PIM,	7824,	287,	1,	BFS_2_pim,	0,	140737018762656
PT_LAUNCH,	7824,	289,	4041524992
PT_START,	7862,	0,	7824,	289,	4041524992
PT_JOIN,	7824,	290,	4041524992
PT_EXIT,	7862,	1
OCL_LAUNCH_PIM,	7824,	289,	2,	BFS_2_pim,	0,	140737018654608
PIMEMU_END,	7824,	291
PIMEMU_END,	7824,	292
PIMEMU_END,	7824,	293
PIMEMU_END,	7824,	294
PIMEMU_END,	7824,	295
PIMEMU_END,	7824,	296
PIMEMU_END,	7824,	297
PIMEMU_END,	7824,	298
PIMEMU_END,	7824,	299
PIMEMU_END,	7824,	300
PIMEMU_END,	7824,	301
PIMEMU_END,	7824,	302
PIMEMU_END,	7824,	303
PIMEMU_END,	7824,	304
PIMEMU_END,	7824,	305
PIMEMU_END,	7824,	306
PIMEMU_END,	7824,	307
PIMEMU_END,	7824,	308
PIMEMU_END,	7824,	309
PIMEMU_END,	7824,	310
PIMEMU_END,	7824,	311
PIMEMU_END,	7824,	312
PIMEMU_END,	7824,	313
PIMEMU_END,	7824,	314
PIMEMU_END,	7824,	315
PIMEMU_END,	7824,	316
PIMEMU_END,	7824,	317
PIMEMU_END,	7824,	318
PT_LAUNCH,	7824,	319,	4041524992
PT_JOIN,	7824,	320,	4041524992
PT_START,	7863,	0,	7824,	319,	4041524992
PT_EXIT,	7863,	1
OCL_LAUNCH_PIM,	7824,	319,	0,	BFS_1_pim,	0,	140737018769120
PIMEMU_END,	7824,	321
PIMEMU_END,	7824,	322
PT_LAUNCH,	7824,	323,	4041524992
PT_JOIN,	7824,	324,	4041524992
PT_START,	7864,	0,	7824,	323,	4041524992
PT_EXIT,	7864,	1
OCL_LAUNCH_PIM,	7824,	323,	1,	BFS_1_pim,	0,	140737018772000
PIMEMU_END,	7824,	325
PIMEMU_END,	7824,	326
PT_LAUNCH,	7824,	327,	4041524992
PT_START,	7865,	0,	7824,	327,	4041524992
PT_JOIN,	7824,	328,	4041524992
PT_EXIT,	7865,	1
OCL_LAUNCH_PIM,	7824,	327,	2,	BFS_1_pim,	0,	140737018775072
PIMEMU_END,	7824,	329
PIMEMU_END,	7824,	330
PIMEMU_END,	7824,	331
PIMEMU_END,	7824,	332
PIMEMU_END,	7824,	333
PIMEMU_END,	7824,	334
PIMEMU_END,	7824,	335
PIMEMU_END,	7824,	336
PIMEMU_END,	7824,	337
PIMEMU_END,	7824,	338
PIMEMU_END,	7824,	339
PIMEMU_END,	7824,	340
PT_LAUNCH,	7824,	341,	4041524992
PT_JOIN,	7824,	342,	4041524992
PT_START,	7866,	0,	7824,	341,	4041524992
PT_EXIT,	7866,	1
OCL_LAUNCH_PIM,	7824,	341,	0,	BFS_2_pim,	0,	140737018778560
PT_LAUNCH,	7824,	343,	4041524992
PT_START,	7867,	0,	7824,	343,	4041524992
PT_JOIN,	7824,	344,	4041524992
PT_EXIT,	7867,	1
OCL_LAUNCH_PIM,	7824,	343,	1,	BFS_2_pim,	0,	140737018781520
PT_LAUNCH,	7824,	345,	4041524992
PT_START,	7868,	0,	7824,	345,	4041524992
PT_JOIN,	7824,	346,	4041524992
PT_EXIT,	7868,	1
OCL_LAUNCH_PIM,	7824,	345,	2,	BFS_2_pim,	0,	140737018784928
PIMEMU_END,	7824,	347
PIMEMU_END,	7824,	348
PIMEMU_END,	7824,	349
PIMEMU_END,	7824,	350
PIMEMU_END,	7824,	351
PIMEMU_END,	7824,	352
PIMEMU_END,	7824,	353
PIMEMU_END,	7824,	354
PIMEMU_END,	7824,	355
PIMEMU_END,	7824,	356
PIMEMU_END,	7824,	357
PIMEMU_END,	7824,	358
PIMEMU_END,	7824,	359
PIMEMU_END,	7824,	360
PIMEMU_END,	7824,	361
PIMEMU_END,	7824,	362
PIMEMU_END,	7824,	363
PIMEMU_END,	7824,	364
PIMEMU_END,	7824,	365
PIMEMU_END,	7824,	366
PIMEMU_END,	7824,	367
PIMEMU_END,	7824,	368
PIMEMU_END,	7824,	369
PIMEMU_END,	7824,	370
PIMEMU_END,	7824,	371
PIMEMU_END,	7824,	372
PIMEMU_END,	7824,	373
PIMEMU_END,	7824,	374
PT_LAUNCH,	7824,	375,	4041524992
PT_JOIN,	7824,	376,	4041524992
PT_START,	7869,	0,	7824,	375,	4041524992
PT_EXIT,	7869,	1
OCL_LAUNCH_PIM,	7824,	375,	0,	BFS_1_pim,	0,	140737018764976
PIMEMU_END,	7824,	377
PIMEMU_END,	7824,	378
PT_LAUNCH,	7824,	379,	4041524992
PT_JOIN,	7824,	380,	4041524992
PT_START,	7870,	0,	7824,	379,	4041524992
PT_EXIT,	7870,	1
OCL_LAUNCH_PIM,	7824,	379,	1,	BFS_1_pim,	0,	140737018736080
PIMEMU_END,	7824,	381
PIMEMU_END,	7824,	382
PT_LAUNCH,	7824,	383,	4041524992
PT_JOIN,	7824,	384,	4041524992
PT_START,	7871,	0,	7824,	383,	4041524992
PT_EXIT,	7871,	1
OCL_LAUNCH_PIM,	7824,	383,	2,	BFS_1_pim,	0,	140737018794368
PIMEMU_END,	7824,	385
PIMEMU_END,	7824,	386
PIMEMU_END,	7824,	387
PIMEMU_END,	7824,	388
PIMEMU_END,	7824,	389
PIMEMU_END,	7824,	390
PIMEMU_END,	7824,	391
PIMEMU_END,	7824,	392
PIMEMU_END,	7824,	393
PIMEMU_END,	7824,	394
PIMEMU_END,	7824,	395
PIMEMU_END,	7824,	396
PT_LAUNCH,	7824,	397,	4041524992
PT_JOIN,	7824,	398,	4041524992
PT_START,	7872,	0,	7824,	397,	4041524992
PT_EXIT,	7872,	1
OCL_LAUNCH_PIM,	7824,	397,	0,	BFS_2_pim,	0,	140737018797856
PT_LAUNCH,	7824,	399,	4041524992
PT_JOIN,	7824,	400,	4041524992
PT_START,	7873,	0,	7824,	399,	4041524992
PT_EXIT,	7873,	1
OCL_LAUNCH_PIM,	7824,	399,	1,	BFS_2_pim,	0,	140737018800960
PT_LAUNCH,	7824,	401,	4041524992
PT_START,	7874,	0,	7824,	401,	4041524992
PT_JOIN,	7824,	402,	4041524992
PT_EXIT,	7874,	1
OCL_LAUNCH_PIM,	7824,	401,	2,	BFS_2_pim,	0,	140737018804064
PIMEMU_END,	7824,	403
PIMEMU_END,	7824,	404
PIMEMU_END,	7824,	405
PIMEMU_END,	7824,	406
PIMEMU_END,	7824,	407
PIMEMU_END,	7824,	408
PIMEMU_END,	7824,	409
PIMEMU_END,	7824,	410
PIMEMU_END,	7824,	411
PIMEMU_END,	7824,	412
PIMEMU_END,	7824,	413
PIMEMU_END,	7824,	414
PIMEMU_END,	7824,	415
PIMEMU_END,	7824,	416
PIMEMU_END,	7824,	417
PIMEMU_END,	7824,	418
PIMEMU_END,	7824,	419
PIMEMU_END,	7824,	420
PIMEMU_END,	7824,	421
PIMEMU_END,	7824,	422
PIMEMU_END,	7824,	423
PIMEMU_END,	7824,	424
PIMEMU_END,	7824,	425
PIMEMU_END,	7824,	426
PIMEMU_END,	7824,	427
PIMEMU_END,	7824,	428
PIMEMU_END,	7824,	429
PIMEMU_END,	7824,	430
PT_LAUNCH,	7824,	431,	4041524992
PT_JOIN,	7824,	432,	4041524992
PT_START,	7875,	0,	7824,	431,	4041524992
PT_EXIT,	7875,	1
OCL_LAUNCH_PIM,	7824,	431,	0,	BFS_1_pim,	0,	140737018806304
PIMEMU_END,	7824,	433
PIMEMU_END,	7824,	434
PT_LAUNCH,	7824,	435,	4041524992
PT_JOIN,	7824,	436,	4041524992
PT_START,	7876,	0,	7824,	435,	4041524992
PT_EXIT,	7876,	1
OCL_LAUNCH_PIM,	7824,	435,	1,	BFS_1_pim,	0,	140737018700704
PIMEMU_END,	7824,	437
PIMEMU_END,	7824,	438
PT_LAUNCH,	7824,	439,	4041524992
PT_JOIN,	7824,	440,	4041524992
PT_START,	7877,	0,	7824,	439,	4041524992
PT_EXIT,	7877,	1
OCL_LAUNCH_PIM,	7824,	439,	2,	BFS_1_pim,	0,	140737018813504
PIMEMU_END,	7824,	441
PIMEMU_END,	7824,	442
PIMEMU_END,	7824,	443
PIMEMU_END,	7824,	444
PIMEMU_END,	7824,	445
PIMEMU_END,	7824,	446
PIMEMU_END,	7824,	447
PIMEMU_END,	7824,	448
PIMEMU_END,	7824,	449
PIMEMU_END,	7824,	450
PIMEMU_END,	7824,	451
PIMEMU_END,	7824,	452
PT_LAUNCH,	7824,	453,	4041524992
PT_JOIN,	7824,	454,	4041524992
PT_START,	7878,	0,	7824,	453,	4041524992
PT_EXIT,	7878,	1
OCL_LAUNCH_PIM,	7824,	453,	0,	BFS_2_pim,	0,	140737018816592
PT_LAUNCH,	7824,	455,	4041524992
PT_START,	7879,	0,	7824,	455,	4041524992
PT_JOIN,	7824,	456,	4041524992
PT_EXIT,	7879,	1
OCL_LAUNCH_PIM,	7824,	455,	1,	BFS_2_pim,	0,	140737018820112
PT_LAUNCH,	7824,	457,	4041524992
PT_START,	7880,	0,	7824,	457,	4041524992
PT_JOIN,	7824,	458,	4041524992
PT_EXIT,	7880,	1
OCL_LAUNCH_PIM,	7824,	457,	2,	BFS_2_pim,	0,	140737018823440
PIMEMU_END,	7824,	459
PIMEMU_END,	7824,	460
PIMEMU_END,	7824,	461
PIMEMU_END,	7824,	462
PIMEMU_END,	7824,	463
PIMEMU_END,	7824,	464
PIMEMU_END,	7824,	465
PIMEMU_END,	7824,	466
PIMEMU_END,	7824,	467
PIMEMU_END,	7824,	468
PIMEMU_END,	7824,	469
PIMEMU_END,	7824,	470
PIMEMU_END,	7824,	471
PIMEMU_END,	7824,	472
PIMEMU_END,	7824,	473
PIMEMU_END,	7824,	474
PIMEMU_END,	7824,	475
PIMEMU_END,	7824,	476
PIMEMU_END,	7824,	477
PIMEMU_END,	7824,	478
PIMEMU_END,	7824,	479
PIMEMU_END,	7824,	480
PIMEMU_END,	7824,	481
PIMEMU_END,	7824,	482
PIMEMU_END,	7824,	483
PIMEMU_END,	7824,	484
PIMEMU_END,	7824,	485
PIMEMU_END,	7824,	486
PT_LAUNCH,	7824,	487,	4041524992
PT_START,	7881,	0,	7824,	487,	4041524992
PT_JOIN,	7824,	488,	4041524992
PT_EXIT,	7881,	1
OCL_LAUNCH_PIM,	7824,	487,	0,	BFS_1_pim,	0,	140737018812208
PIMEMU_END,	7824,	489
PIMEMU_END,	7824,	490
PT_LAUNCH,	7824,	491,	4041524992
PT_JOIN,	7824,	492,	4041524992
PT_START,	7882,	0,	7824,	491,	4041524992
PT_EXIT,	7882,	1
OCL_LAUNCH_PIM,	7824,	491,	1,	BFS_1_pim,	0,	140737018829664
PIMEMU_END,	7824,	493
PIMEMU_END,	7824,	494
PT_LAUNCH,	7824,	495,	4041524992
PT_JOIN,	7824,	496,	4041524992
PT_START,	7883,	0,	7824,	495,	4041524992
PT_EXIT,	7883,	1
OCL_LAUNCH_PIM,	7824,	495,	2,	BFS_1_pim,	0,	140737018831744
PIMEMU_END,	7824,	497
PIMEMU_END,	7824,	498
PIMEMU_END,	7824,	499
PIMEMU_END,	7824,	500
PIMEMU_END,	7824,	501
PIMEMU_END,	7824,	502
PIMEMU_END,	7824,	503
PIMEMU_END,	7824,	504
PIMEMU_END,	7824,	505
PIMEMU_END,	7824,	506
PIMEMU_END,	7824,	507
PIMEMU_END,	7824,	508
PT_LAUNCH,	7824,	509,	4041524992
PT_JOIN,	7824,	510,	4041524992
PT_START,	7884,	0,	7824,	509,	4041524992
PT_EXIT,	7884,	1
OCL_LAUNCH_PIM,	7824,	509,	0,	BFS_2_pim,	0,	140737018835968
PT_LAUNCH,	7824,	511,	4041524992
PT_START,	7885,	0,	7824,	511,	4041524992
PT_JOIN,	7824,	512,	4041524992
PT_EXIT,	7885,	1
OCL_LAUNCH_PIM,	7824,	511,	1,	BFS_2_pim,	0,	140737018839456
PT_LAUNCH,	7824,	513,	4041524992
PT_START,	7886,	0,	7824,	513,	4041524992
PT_JOIN,	7824,	514,	4041524992
PT_EXIT,	7886,	1
OCL_LAUNCH_PIM,	7824,	513,	2,	BFS_2_pim,	0,	140737018842560
PIMEMU_END,	7824,	515
PIMEMU_END,	7824,	516
PIMEMU_END,	7824,	517
PIMEMU_END,	7824,	518
PIMEMU_END,	7824,	519
PIMEMU_END,	7824,	520
PIMEMU_END,	7824,	521
PIMEMU_END,	7824,	522
PIMEMU_END,	7824,	523
PIMEMU_END,	7824,	524
PIMEMU_END,	7824,	525
PIMEMU_END,	7824,	526
PIMEMU_END,	7824,	527
PIMEMU_END,	7824,	528
PIMEMU_END,	7824,	529
PIMEMU_END,	7824,	530
PIMEMU_END,	7824,	531
PIMEMU_END,	7824,	532
PIMEMU_END,	7824,	533
PIMEMU_END,	7824,	534
PIMEMU_END,	7824,	535
PIMEMU_END,	7824,	536
PIMEMU_END,	7824,	537
PIMEMU_END,	7824,	538
PIMEMU_END,	7824,	539
PIMEMU_END,	7824,	540
PIMEMU_END,	7824,	541
PIMEMU_END,	7824,	542
PT_LAUNCH,	7824,	543,	4041524992
PT_JOIN,	7824,	544,	4041524992
PT_START,	7887,	0,	7824,	543,	4041524992
PT_EXIT,	7887,	1
OCL_LAUNCH_PIM,	7824,	543,	0,	BFS_1_pim,	0,	140737018844752
PIMEMU_END,	7824,	545
PIMEMU_END,	7824,	546
PT_LAUNCH,	7824,	547,	4041524992
PT_JOIN,	7824,	548,	4041524992
PT_START,	7888,	0,	7824,	547,	4041524992
PT_EXIT,	7888,	1
OCL_LAUNCH_PIM,	7824,	547,	1,	BFS_1_pim,	0,	140737018848992
PIMEMU_END,	7824,	549
PIMEMU_END,	7824,	550
PT_LAUNCH,	7824,	551,	4041524992
PT_START,	7889,	0,	7824,	551,	4041524992
PT_JOIN,	7824,	552,	4041524992
PT_EXIT,	7889,	1
OCL_LAUNCH_PIM,	7824,	551,	2,	BFS_1_pim,	0,	140737018834800
PIMEMU_END,	7824,	553
PIMEMU_END,	7824,	554
PIMEMU_END,	7824,	555
PIMEMU_END,	7824,	556
PIMEMU_END,	7824,	557
PIMEMU_END,	7824,	558
PIMEMU_END,	7824,	559
PIMEMU_END,	7824,	560
PIMEMU_END,	7824,	561
PIMEMU_END,	7824,	562
PIMEMU_END,	7824,	563
PIMEMU_END,	7824,	564
PT_LAUNCH,	7824,	565,	4041524992
PT_JOIN,	7824,	566,	4041524992
PT_START,	7890,	0,	7824,	565,	4041524992
PT_EXIT,	7890,	1
OCL_LAUNCH_PIM,	7824,	565,	0,	BFS_2_pim,	0,	140737018855440
PT_LAUNCH,	7824,	567,	4041524992
PT_JOIN,	7824,	568,	4041524992
PT_START,	7891,	0,	7824,	567,	4041524992
PT_EXIT,	7891,	1
OCL_LAUNCH_PIM,	7824,	567,	1,	BFS_2_pim,	0,	140737018858848
PT_LAUNCH,	7824,	569,	4041524992
PT_START,	7892,	0,	7824,	569,	4041524992
PT_JOIN,	7824,	570,	4041524992
PT_EXIT,	7892,	1
OCL_LAUNCH_PIM,	7824,	569,	2,	BFS_2_pim,	0,	140737018861728
PIMEMU_END,	7824,	571
PIMEMU_END,	7824,	572
PIMEMU_END,	7824,	573
PIMEMU_END,	7824,	574
PIMEMU_END,	7824,	575
PIMEMU_END,	7824,	576
PIMEMU_END,	7824,	577
PIMEMU_END,	7824,	578
PIMEMU_END,	7824,	579
PIMEMU_END,	7824,	580
PIMEMU_END,	7824,	581
PIMEMU_END,	7824,	582
PIMEMU_END,	7824,	583
PIMEMU_END,	7824,	584
PIMEMU_END,	7824,	585
PIMEMU_END,	7824,	586
PIMEMU_END,	7824,	587
PIMEMU_END,	7824,	588
PIMEMU_END,	7824,	589
PIMEMU_END,	7824,	590
PIMEMU_END,	7824,	591
PIMEMU_END,	7824,	592
PIMEMU_END,	7824,	593
PIMEMU_END,	7824,	594
PIMEMU_END,	7824,	595
PIMEMU_END,	7824,	596
PIMEMU_END,	7824,	597
PIMEMU_END,	7824,	598
PT_LAUNCH,	7824,	599,	4041524992
PT_JOIN,	7824,	600,	4041524992
PT_START,	7893,	0,	7824,	599,	4041524992
PT_EXIT,	7893,	1
OCL_LAUNCH_PIM,	7824,	599,	0,	BFS_1_pim,	0,	140737018865216
PIMEMU_END,	7824,	601
PIMEMU_END,	7824,	602
PT_LAUNCH,	7824,	603,	4041524992
PT_JOIN,	7824,	604,	4041524992
PT_START,	7894,	0,	7824,	603,	4041524992
PT_EXIT,	7894,	1
OCL_LAUNCH_PIM,	7824,	603,	1,	BFS_1_pim,	0,	140737018868096
PIMEMU_END,	7824,	605
PIMEMU_END,	7824,	606
PT_LAUNCH,	7824,	607,	4041524992
PT_START,	7895,	0,	7824,	607,	4041524992
PT_JOIN,	7824,	608,	4041524992
PT_EXIT,	7895,	1
OCL_LAUNCH_PIM,	7824,	607,	2,	BFS_1_pim,	0,	140737018871584
PIMEMU_END,	7824,	609
PIMEMU_END,	7824,	610
PIMEMU_END,	7824,	611
PIMEMU_END,	7824,	612
PIMEMU_END,	7824,	613
PIMEMU_END,	7824,	614
PIMEMU_END,	7824,	615
PIMEMU_END,	7824,	616
PIMEMU_END,	7824,	617
PIMEMU_END,	7824,	618
PIMEMU_END,	7824,	619
PIMEMU_END,	7824,	620
PT_LAUNCH,	7824,	621,	4041524992
PT_JOIN,	7824,	622,	4041524992
PT_START,	7896,	0,	7824,	621,	4041524992
PT_EXIT,	7896,	1
OCL_LAUNCH_PIM,	7824,	621,	0,	BFS_2_pim,	0,	140737018874896
PT_LAUNCH,	7824,	623,	4041524992
PT_START,	7897,	0,	7824,	623,	4041524992
PT_JOIN,	7824,	624,	4041524992
PT_EXIT,	7897,	1
OCL_LAUNCH_PIM,	7824,	623,	1,	BFS_2_pim,	0,	140737018878304
PT_LAUNCH,	7824,	625,	4041524992
PT_START,	7898,	0,	7824,	625,	4041524992
PT_JOIN,	7824,	626,	4041524992
PT_EXIT,	7898,	1
OCL_LAUNCH_PIM,	7824,	625,	2,	BFS_2_pim,	0,	140737018881728
PIMEMU_END,	7824,	627
PIMEMU_END,	7824,	628
PIMEMU_END,	7824,	629
PIMEMU_END,	7824,	630
PIMEMU_END,	7824,	631
PIMEMU_END,	7824,	632
PIMEMU_END,	7824,	633
PIMEMU_END,	7824,	634
PIMEMU_END,	7824,	635
PIMEMU_END,	7824,	636
PIMEMU_END,	7824,	637
PIMEMU_END,	7824,	638
PIMEMU_END,	7824,	639
PIMEMU_END,	7824,	640
PIMEMU_END,	7824,	641
PIMEMU_END,	7824,	642
PIMEMU_END,	7824,	643
PIMEMU_END,	7824,	644
PIMEMU_END,	7824,	645
PIMEMU_END,	7824,	646
PIMEMU_END,	7824,	647
PIMEMU_END,	7824,	648
PIMEMU_END,	7824,	649
PIMEMU_END,	7824,	650
PIMEMU_END,	7824,	651
PIMEMU_END,	7824,	652
PIMEMU_END,	7824,	653
PIMEMU_END,	7824,	654
PT_LAUNCH,	7824,	655,	4041524992
PT_JOIN,	7824,	656,	4041524992
PT_START,	7899,	0,	7824,	655,	4041524992
PT_EXIT,	7899,	1
OCL_LAUNCH_PIM,	7824,	655,	0,	BFS_1_pim,	0,	140737018884800
PIMEMU_END,	7824,	657
PIMEMU_END,	7824,	658
PT_LAUNCH,	7824,	659,	4041524992
PT_START,	7900,	0,	7824,	659,	4041524992
PT_JOIN,	7824,	660,	4041524992
PT_EXIT,	7900,	1
OCL_LAUNCH_PIM,	7824,	659,	1,	BFS_1_pim,	0,	140737018888288
PIMEMU_END,	7824,	661
PIMEMU_END,	7824,	662
PT_LAUNCH,	7824,	663,	4041524992
PT_JOIN,	7824,	664,	4041524992
PT_START,	7901,	0,	7824,	663,	4041524992
PT_EXIT,	7901,	1
OCL_LAUNCH_PIM,	7824,	663,	2,	BFS_1_pim,	0,	140737018891328
PIMEMU_END,	7824,	665
PIMEMU_END,	7824,	666
PIMEMU_END,	7824,	667
PIMEMU_END,	7824,	668
PIMEMU_END,	7824,	669
PIMEMU_END,	7824,	670
PIMEMU_END,	7824,	671
PIMEMU_END,	7824,	672
PIMEMU_END,	7824,	673
PIMEMU_END,	7824,	674
PIMEMU_END,	7824,	675
PIMEMU_END,	7824,	676
PT_LAUNCH,	7824,	677,	4041524992
PT_JOIN,	7824,	678,	4041524992
PT_START,	7902,	0,	7824,	677,	4041524992
PT_EXIT,	7902,	1
OCL_LAUNCH_PIM,	7824,	677,	0,	BFS_2_pim,	0,	140737018894816
PT_LAUNCH,	7824,	679,	4041524992
PT_START,	7903,	0,	7824,	679,	4041524992
PT_JOIN,	7824,	680,	4041524992
PT_EXIT,	7903,	1
OCL_LAUNCH_PIM,	7824,	679,	1,	BFS_2_pim,	0,	140737018893648
PT_LAUNCH,	7824,	681,	4041524992
PT_JOIN,	7824,	682,	4041524992
PT_START,	7904,	0,	7824,	681,	4041524992
PT_EXIT,	7904,	1
OCL_LAUNCH_PIM,	7824,	681,	2,	BFS_2_pim,	0,	140737018901008
PIMEMU_END,	7824,	683
PIMEMU_END,	7824,	684
PIMEMU_END,	7824,	685
PIMEMU_END,	7824,	686
PIMEMU_END,	7824,	687
PIMEMU_END,	7824,	688
PIMEMU_END,	7824,	689
PIMEMU_END,	7824,	690
PIMEMU_END,	7824,	691
PIMEMU_END,	7824,	692
PIMEMU_END,	7824,	693
PIMEMU_END,	7824,	694
PIMEMU_END,	7824,	695
PIMEMU_END,	7824,	696
PIMEMU_END,	7824,	697
PIMEMU_END,	7824,	698
PIMEMU_END,	7824,	699
PIMEMU_END,	7824,	700
PIMEMU_END,	7824,	701
PIMEMU_END,	7824,	702
PIMEMU_END,	7824,	703
PIMEMU_END,	7824,	704
PIMEMU_END,	7824,	705
PIMEMU_END,	7824,	706
PIMEMU_END,	7824,	707
PIMEMU_END,	7824,	708
PIMEMU_END,	7824,	709
PIMEMU_END,	7824,	710
PIMEMU_END,	7824,	711
PIMEMU_END,	7824,	712
PIMEMU_END,	7824,	713
PIMEMU_LAST,	7824,	713
