PIMEMU_BEGIN,	4085,	0
PIMEMU_END,	4085,	1
PIMEMU_END,	4085,	2
PT_LAUNCH,	4085,	3,	4084627200
PT_JOIN,	4085,	4,	4084627200
PT_START,	4088,	0,	4085,	3,	4084627200
PT_EXIT,	4088,	1
OCL_LAUNCH_PIM,	4085,	3,	0,	NearestNeighbor,	0,	140737085765456
PIMEMU_END,	4085,	5
PIMEMU_END,	4085,	6
PT_LAUNCH,	4085,	7,	4084627200
PT_JOIN,	4085,	8,	4084627200
PT_START,	4089,	0,	4085,	7,	4084627200
PT_EXIT,	4089,	1
OCL_LAUNCH_PIM,	4085,	7,	1,	NearestNeighbor,	0,	140737085739040
PIMEMU_END,	4085,	9
PIMEMU_END,	4085,	10
PT_LAUNCH,	4085,	11,	4084627200
PT_JOIN,	4085,	12,	4084627200
PT_START,	4090,	0,	4085,	11,	4084627200
PT_EXIT,	4090,	1
OCL_LAUNCH_PIM,	4085,	11,	2,	NearestNeighbor,	0,	140737085792016
PIMEMU_END,	4085,	13
PIMEMU_END,	4085,	14
PIMEMU_END,	4085,	15
PIMEMU_END,	4085,	16
PIMEMU_END,	4085,	17
PIMEMU_END,	4085,	18
PIMEMU_END,	4085,	19
PIMEMU_LAST,	4085,	19
