PIMEMU_BEGIN,	30729,	0
PIMEMU_END,	30729,	1
PIMEMU_END,	30729,	2
PIMEMU_END,	30729,	3
PIMEMU_END,	30729,	4
PIMEMU_END,	30729,	5
PIMEMU_END,	30729,	6
PIMEMU_END,	30729,	7
PIMEMU_END,	30729,	8
PIMEMU_END,	30729,	9
PIMEMU_END,	30729,	10
PIMEMU_END,	30729,	11
PIMEMU_END,	30729,	12
PIMEMU_END,	30729,	13
PIMEMU_END,	30729,	14
PIMEMU_END,	30729,	15
PIMEMU_END,	30729,	16
PIMEMU_END,	30729,	17
PIMEMU_END,	30729,	18
PIMEMU_END,	30729,	19
PIMEMU_END,	30729,	20
PIMEMU_END,	30729,	21
PIMEMU_END,	30729,	22
PIMEMU_END,	30729,	23
PIMEMU_END,	30729,	24
PIMEMU_END,	30729,	25
PIMEMU_END,	30729,	26
PIMEMU_END,	30729,	27
PIMEMU_END,	30729,	28
PIMEMU_END,	30729,	29
PIMEMU_END,	30729,	30
PIMEMU_END,	30729,	31
PIMEMU_END,	30729,	32
PIMEMU_END,	30729,	33
PIMEMU_END,	30729,	34
PIMEMU_END,	30729,	35
PIMEMU_END,	30729,	36
PIMEMU_END,	30729,	37
PIMEMU_END,	30729,	38
PIMEMU_END,	30729,	39
PIMEMU_END,	30729,	40
PIMEMU_END,	30729,	41
PIMEMU_END,	30729,	42
PIMEMU_END,	30729,	43
PIMEMU_END,	30729,	44
PIMEMU_END,	30729,	45
PIMEMU_END,	30729,	46
PIMEMU_END,	30729,	47
PIMEMU_END,	30729,	48
PIMEMU_END,	30729,	49
PIMEMU_END,	30729,	50
PIMEMU_END,	30729,	51
PIMEMU_END,	30729,	52
PIMEMU_END,	30729,	53
PIMEMU_END,	30729,	54
PIMEMU_END,	30729,	55
PIMEMU_END,	30729,	56
PIMEMU_END,	30729,	57
PIMEMU_END,	30729,	58
PIMEMU_END,	30729,	59
PIMEMU_END,	30729,	60
PIMEMU_END,	30729,	61
PIMEMU_END,	30729,	62
PIMEMU_END,	30729,	63
PIMEMU_END,	30729,	64
PIMEMU_END,	30729,	65
PIMEMU_END,	30729,	66
PIMEMU_END,	30729,	67
PIMEMU_END,	30729,	68
PIMEMU_END,	30729,	69
PIMEMU_END,	30729,	70
PIMEMU_END,	30729,	71
PIMEMU_END,	30729,	72
PIMEMU_END,	30729,	73
PIMEMU_END,	30729,	74
PIMEMU_END,	30729,	75
PIMEMU_END,	30729,	76
PIMEMU_END,	30729,	77
PIMEMU_END,	30729,	78
PIMEMU_END,	30729,	79
PIMEMU_END,	30729,	80
PIMEMU_END,	30729,	81
PIMEMU_END,	30729,	82
PIMEMU_END,	30729,	83
PIMEMU_END,	30729,	84
PT_LAUNCH,	30729,	85,	4089378560
PT_JOIN,	30729,	86,	4089378560
PT_START,	30743,	0,	30729,	85,	4089378560
PT_EXIT,	30743,	1
OCL_LAUNCH_PIM,	30729,	85,	0,	likelihood_kernel_pim,	0,	140737019990208
PT_LAUNCH,	30729,	87,	4089378560
PT_JOIN,	30729,	88,	4089378560
PT_START,	30744,	0,	30729,	87,	4089378560
PT_EXIT,	30744,	1
OCL_LAUNCH_PIM,	30729,	87,	1,	likelihood_kernel_pim,	0,	140737022754720
PT_LAUNCH,	30729,	89,	4089378560
PT_JOIN,	30729,	90,	4089378560
PT_START,	30745,	0,	30729,	89,	4089378560
PT_EXIT,	30745,	1
OCL_LAUNCH_PIM,	30729,	89,	2,	likelihood_kernel_pim,	0,	140737022758192
PIMEMU_END,	30729,	91
PIMEMU_END,	30729,	92
PIMEMU_END,	30729,	93
PIMEMU_END,	30729,	94
PIMEMU_END,	30729,	95
PIMEMU_END,	30729,	96
PIMEMU_END,	30729,	97
PIMEMU_END,	30729,	98
PIMEMU_END,	30729,	99
PIMEMU_END,	30729,	100
PIMEMU_END,	30729,	101
PIMEMU_END,	30729,	102
PIMEMU_END,	30729,	103
PIMEMU_END,	30729,	104
PIMEMU_END,	30729,	105
PIMEMU_END,	30729,	106
PIMEMU_END,	30729,	107
PIMEMU_END,	30729,	108
PT_LAUNCH,	30729,	109,	4089378560
PT_JOIN,	30729,	110,	4089378560
PT_START,	30746,	0,	30729,	109,	4089378560
PT_EXIT,	30746,	1
OCL_LAUNCH_PIM,	30729,	109,	0,	normalize_weights_kernel_pim,	0,	140737023040976
PT_LAUNCH,	30729,	111,	4089378560
PT_JOIN,	30729,	112,	4089378560
PT_START,	30747,	0,	30729,	111,	4089378560
PT_EXIT,	30747,	1
OCL_LAUNCH_PIM,	30729,	111,	1,	normalize_weights_kernel_pim,	0,	140737023044416
PT_LAUNCH,	30729,	113,	4089378560
PT_JOIN,	30729,	114,	4089378560
PT_START,	30748,	0,	30729,	113,	4089378560
PT_EXIT,	30748,	1
OCL_LAUNCH_PIM,	30729,	113,	2,	normalize_weights_kernel_pim,	0,	140737023047792
PIMEMU_END,	30729,	115
PIMEMU_END,	30729,	116
PIMEMU_END,	30729,	117
PIMEMU_END,	30729,	118
PIMEMU_END,	30729,	119
PIMEMU_END,	30729,	120
PIMEMU_END,	30729,	121
PIMEMU_END,	30729,	122
PIMEMU_END,	30729,	123
PIMEMU_END,	30729,	124
PIMEMU_END,	30729,	125
PIMEMU_END,	30729,	126
PIMEMU_END,	30729,	127
PIMEMU_END,	30729,	128
PIMEMU_END,	30729,	129
PIMEMU_END,	30729,	130
PIMEMU_END,	30729,	131
PIMEMU_END,	30729,	132
PIMEMU_END,	30729,	133
PIMEMU_END,	30729,	134
PIMEMU_END,	30729,	135
PIMEMU_END,	30729,	136
PIMEMU_END,	30729,	137
PIMEMU_END,	30729,	138
PT_LAUNCH,	30729,	139,	4089378560
PT_JOIN,	30729,	140,	4089378560
PT_START,	30749,	0,	30729,	139,	4089378560
PT_EXIT,	30749,	1
OCL_LAUNCH_PIM,	30729,	139,	0,	find_index_kernel_pim,	0,	140737023611808
PT_LAUNCH,	30729,	141,	4089378560
PT_JOIN,	30729,	142,	4089378560
PT_START,	30750,	0,	30729,	141,	4089378560
PT_EXIT,	30750,	1
OCL_LAUNCH_PIM,	30729,	141,	1,	find_index_kernel_pim,	0,	140737023615360
PT_LAUNCH,	30729,	143,	4089378560
PT_JOIN,	30729,	144,	4089378560
PT_START,	30751,	0,	30729,	143,	4089378560
PT_EXIT,	30751,	1
OCL_LAUNCH_PIM,	30729,	143,	2,	find_index_kernel_pim,	0,	140737023618752
PIMEMU_END,	30729,	145
