PIMEMU_BEGIN,	8031,	0
PIMEMU_END,	8031,	1
PIMEMU_END,	8031,	2
PIMEMU_END,	8031,	3
PIMEMU_END,	8031,	4
PIMEMU_END,	8031,	5
PIMEMU_END,	8031,	6
PIMEMU_END,	8031,	7
PIMEMU_END,	8031,	8
PIMEMU_END,	8031,	9
PIMEMU_END,	8031,	10
PIMEMU_END,	8031,	11
PIMEMU_END,	8031,	12
PIMEMU_END,	8031,	13
PIMEMU_END,	8031,	14
PIMEMU_END,	8031,	15
PIMEMU_END,	8031,	16
PIMEMU_END,	8031,	17
PIMEMU_END,	8031,	18
PIMEMU_END,	8031,	19
PIMEMU_END,	8031,	20
PIMEMU_END,	8031,	21
PIMEMU_END,	8031,	22
PIMEMU_END,	8031,	23
PIMEMU_END,	8031,	24
PIMEMU_END,	8031,	25
PIMEMU_END,	8031,	26
PIMEMU_END,	8031,	27
PIMEMU_END,	8031,	28
PIMEMU_END,	8031,	29
PIMEMU_END,	8031,	30
PT_LAUNCH,	8031,	31,	4077139712
PT_JOIN,	8031,	32,	4077139712
PT_START,	8034,	0,	8031,	31,	4077139712
PT_EXIT,	8034,	1
OCL_LAUNCH_PIM,	8031,	31,	0,	pgain_kernel_pim,	0,	140737085740448
PT_LAUNCH,	8031,	33,	4077139712
PT_JOIN,	8031,	34,	4077139712
PT_START,	8035,	0,	8031,	33,	4077139712
PT_EXIT,	8035,	1
OCL_LAUNCH_PIM,	8031,	33,	1,	pgain_kernel_pim,	0,	140737085752176
PT_LAUNCH,	8031,	35,	4077139712
PT_JOIN,	8031,	36,	4077139712
PT_START,	8036,	0,	8031,	35,	4077139712
PT_EXIT,	8036,	1
OCL_LAUNCH_PIM,	8031,	35,	2,	pgain_kernel_pim,	0,	140737085729600
PIMEMU_END,	8031,	37
PIMEMU_END,	8031,	38
PIMEMU_END,	8031,	39
PIMEMU_END,	8031,	40
PIMEMU_END,	8031,	41
PIMEMU_END,	8031,	42
PIMEMU_END,	8031,	43
PIMEMU_END,	8031,	44
PIMEMU_END,	8031,	45
PIMEMU_END,	8031,	46
PIMEMU_END,	8031,	47
PIMEMU_END,	8031,	48
PIMEMU_END,	8031,	49
PIMEMU_BEGIN,	8031,	49
PIMEMU_END,	8031,	50
PIMEMU_END,	8031,	51
PIMEMU_END,	8031,	52
PIMEMU_END,	8031,	53
PIMEMU_END,	8031,	54
PIMEMU_END,	8031,	55
PIMEMU_END,	8031,	56
PIMEMU_END,	8031,	57
PIMEMU_END,	8031,	58
PIMEMU_END,	8031,	59
PIMEMU_END,	8031,	60
PIMEMU_END,	8031,	61
PIMEMU_END,	8031,	62
PIMEMU_END,	8031,	63
PIMEMU_END,	8031,	64
PIMEMU_END,	8031,	65
PIMEMU_END,	8031,	66
PIMEMU_END,	8031,	67
PIMEMU_END,	8031,	68
PIMEMU_END,	8031,	69
PIMEMU_END,	8031,	70
PIMEMU_END,	8031,	71
PIMEMU_END,	8031,	72
PIMEMU_END,	8031,	73
PIMEMU_END,	8031,	74
PIMEMU_END,	8031,	75
PIMEMU_END,	8031,	76
PIMEMU_END,	8031,	77
PIMEMU_END,	8031,	78
PIMEMU_END,	8031,	79
PT_LAUNCH,	8031,	80,	4077139712
PT_JOIN,	8031,	81,	4077139712
PT_START,	8037,	0,	8031,	80,	4077139712
PT_EXIT,	8037,	1
OCL_LAUNCH_PIM,	8031,	80,	0,	pgain_kernel_pim,	0,	140737085779536
PT_LAUNCH,	8031,	82,	4077139712
PT_JOIN,	8031,	83,	4077139712
PT_START,	8038,	0,	8031,	82,	4077139712
PT_EXIT,	8038,	1
OCL_LAUNCH_PIM,	8031,	82,	1,	pgain_kernel_pim,	0,	140737085705600
PT_LAUNCH,	8031,	84,	4077139712
PT_JOIN,	8031,	85,	4077139712
PT_START,	8039,	0,	8031,	84,	4077139712
