PIMEMU_BEGIN,	15404,	0
PIMEMU_END,	15404,	1
PIMEMU_END,	15404,	2
PIMEMU_END,	15404,	3
PIMEMU_END,	15404,	4
PIMEMU_END,	15404,	5
PIMEMU_END,	15404,	6
PIMEMU_END,	15404,	7
PIMEMU_END,	15404,	8
PIMEMU_END,	15404,	9
PIMEMU_END,	15404,	10
PIMEMU_END,	15404,	11
PIMEMU_END,	15404,	12
PIMEMU_END,	15404,	13
PIMEMU_END,	15404,	14
PIMEMU_END,	15404,	15
PIMEMU_END,	15404,	16
PIMEMU_END,	15404,	17
PIMEMU_END,	15404,	18
PT_LAUNCH,	15404,	19,	4085262080
PT_JOIN,	15404,	20,	4085262080
PT_START,	15407,	0,	15404,	19,	4085262080
PT_EXIT,	15407,	1
OCL_LAUNCH_PIM,	15404,	19,	0,	hotspot_pim,	0,	140737085756736
PT_LAUNCH,	15404,	21,	4085262080
PT_START,	15408,	0,	15404,	21,	4085262080
PT_JOIN,	15404,	22,	4085262080
PT_EXIT,	15408,	1
OCL_LAUNCH_PIM,	15404,	21,	1,	hotspot_pim,	0,	140737085740240
PT_LAUNCH,	15404,	23,	4085262080
PT_JOIN,	15404,	24,	4085262080
PT_START,	15409,	0,	15404,	23,	4085262080
PT_EXIT,	15409,	1
OCL_LAUNCH_PIM,	15404,	23,	2,	hotspot_pim,	0,	140737085711600
PIMEMU_END,	15404,	25
PIMEMU_END,	15404,	26
PIMEMU_END,	15404,	27
PIMEMU_END,	15404,	28
PIMEMU_END,	15404,	29
PIMEMU_END,	15404,	30
PIMEMU_END,	15404,	31
PIMEMU_END,	15404,	32
PIMEMU_END,	15404,	33
PIMEMU_END,	15404,	34
PIMEMU_END,	15404,	35
PIMEMU_END,	15404,	36
PIMEMU_END,	15404,	37
PIMEMU_END,	15404,	38
PIMEMU_END,	15404,	39
PIMEMU_END,	15404,	40
PIMEMU_END,	15404,	41
PIMEMU_END,	15404,	42
PIMEMU_END,	15404,	43
PIMEMU_END,	15404,	44
PIMEMU_END,	15404,	45
PIMEMU_LAST,	15404,	45
