PIMEMU_BEGIN,	19785,	0
PIMEMU_END,	19785,	1
PIMEMU_END,	19785,	2
PIMEMU_END,	19785,	3
PIMEMU_END,	19785,	4
PIMEMU_END,	19785,	5
PIMEMU_END,	19785,	6
PIMEMU_END,	19785,	7
PIMEMU_END,	19785,	8
PIMEMU_END,	19785,	9
PIMEMU_END,	19785,	10
PIMEMU_END,	19785,	11
PIMEMU_END,	19785,	12
PIMEMU_END,	19785,	13
PIMEMU_END,	19785,	14
PIMEMU_END,	19785,	15
PIMEMU_END,	19785,	16
PT_LAUNCH,	19785,	17,	4089530112
PT_JOIN,	19785,	18,	4089530112
PT_START,	19787,	0,	19785,	17,	4089530112
PT_EXIT,	19787,	1
OCL_LAUNCH_PIM,	19785,	17,	0,	vertex_gauss_kernel,	0,	140737018650512
PT_LAUNCH,	19785,	19,	4089530112
PT_JOIN,	19785,	20,	4089530112
PT_START,	19788,	0,	19785,	19,	4089530112
PT_EXIT,	19788,	1
OCL_LAUNCH_PIM,	19785,	19,	0,	edge_kernel_1d,	0,	140737018681392
PT_LAUNCH,	19785,	21,	4089530112
PT_START,	19789,	0,	19785,	21,	4089530112
PT_JOIN,	19785,	22,	4089530112
PT_EXIT,	19789,	1
OCL_LAUNCH_PIM,	19785,	21,	0,	reduce_nolocal,	0,	140737018686784
PIMEMU_END,	19785,	23
PIMEMU_END,	19785,	24
PIMEMU_END,	19785,	25
PIMEMU_END,	19785,	26
PIMEMU_END,	19785,	27
PIMEMU_END,	19785,	28
PIMEMU_END,	19785,	29
PIMEMU_END,	19785,	30
PIMEMU_END,	19785,	31
PIMEMU_END,	19785,	32
PIMEMU_END,	19785,	33
PIMEMU_END,	19785,	34
PIMEMU_END,	19785,	35
PIMEMU_END,	19785,	36
PIMEMU_END,	19785,	37
PIMEMU_END,	19785,	38
PT_LAUNCH,	19785,	39,	4089530112
PT_START,	19790,	0,	19785,	39,	4089530112
PT_JOIN,	19785,	40,	4089530112
PT_EXIT,	19790,	1
OCL_LAUNCH_PIM,	19785,	39,	1,	vertex_gauss_kernel,	0,	140737018761952
PT_LAUNCH,	19785,	41,	4089530112
PT_START,	19791,	0,	19785,	41,	4089530112
PT_JOIN,	19785,	42,	4089530112
PT_EXIT,	19791,	1
OCL_LAUNCH_PIM,	19785,	41,	1,	edge_kernel_1d,	0,	140737018632912
PT_LAUNCH,	19785,	43,	4089530112
PT_START,	19792,	0,	19785,	43,	4089530112
PT_JOIN,	19785,	44,	4089530112
PT_EXIT,	19792,	1
OCL_EVT_WAIT,	19785,	45,	1,	140737018650512
OCL_LAUNCH_PIM,	19785,	43,	1,	reduce_nolocal,	0,	140737018770304
OCL_EVT_WAIT,	19785,	46,	1,	140737018681392
OCL_EVT_WAIT,	19785,	47,	1,	140737018686784
PIMEMU_END,	19785,	48
PIMEMU_END,	19785,	49
OCL_EVT_WAIT,	19785,	50,	1,	140737018761952
OCL_EVT_WAIT,	19785,	51,	1,	140737018632912
OCL_EVT_WAIT,	19785,	52,	1,	140737018770304
PIMEMU_END,	19785,	53
PIMEMU_END,	19785,	54
PIMEMU_END,	19785,	55
PIMEMU_END,	19785,	56
PIMEMU_END,	19785,	57
PIMEMU_END,	19785,	58
PIMEMU_END,	19785,	59
PIMEMU_END,	19785,	60
PIMEMU_END,	19785,	61
PIMEMU_END,	19785,	62
PIMEMU_END,	19785,	63
PIMEMU_END,	19785,	64
PIMEMU_END,	19785,	65
PIMEMU_END,	19785,	66
PIMEMU_END,	19785,	67
PIMEMU_END,	19785,	68
PIMEMU_END,	19785,	69
PIMEMU_END,	19785,	70
PT_LAUNCH,	19785,	71,	4089530112
PT_START,	19793,	0,	19785,	71,	4089530112
PT_JOIN,	19785,	72,	4089530112
PT_EXIT,	19793,	1
OCL_LAUNCH_PIM,	19785,	71,	0,	vertex_gauss_kernel,	0,	140737018633344
PT_LAUNCH,	19785,	73,	4089530112
PT_START,	19794,	0,	19785,	73,	4089530112
PT_JOIN,	19785,	74,	4089530112
PT_EXIT,	19794,	1
OCL_LAUNCH_PIM,	19785,	73,	0,	edge_kernel_1d,	0,	140737018636000
PT_LAUNCH,	19785,	75,	4089530112
PT_START,	19795,	0,	19785,	75,	4089530112
PT_JOIN,	19785,	76,	4089530112
PT_EXIT,	19795,	1
OCL_LAUNCH_PIM,	19785,	75,	0,	reduce_nolocal,	0,	140737018604688
PIMEMU_END,	19785,	77
PIMEMU_END,	19785,	78
PIMEMU_END,	19785,	79
PIMEMU_END,	19785,	80
PIMEMU_END,	19785,	81
PIMEMU_END,	19785,	82
PIMEMU_END,	19785,	83
PIMEMU_END,	19785,	84
PIMEMU_END,	19785,	85
PIMEMU_END,	19785,	86
PIMEMU_END,	19785,	87
PIMEMU_END,	19785,	88
PIMEMU_END,	19785,	89
PIMEMU_END,	19785,	90
PIMEMU_END,	19785,	91
PIMEMU_END,	19785,	92
PT_LAUNCH,	19785,	93,	4089530112
PT_START,	19796,	0,	19785,	93,	4089530112
PT_JOIN,	19785,	94,	4089530112
PT_EXIT,	19796,	1
OCL_LAUNCH_PIM,	19785,	93,	1,	vertex_gauss_kernel,	0,	140737018787552
PT_LAUNCH,	19785,	95,	4089530112
PT_START,	19797,	0,	19785,	95,	4089530112
PT_JOIN,	19785,	96,	4089530112
PT_EXIT,	19797,	1
OCL_LAUNCH_PIM,	19785,	95,	1,	edge_kernel_1d,	0,	140737018793024
PT_LAUNCH,	19785,	97,	4089530112
PT_START,	19798,	0,	19785,	97,	4089530112
PT_JOIN,	19785,	98,	4089530112
PT_EXIT,	19798,	1
OCL_EVT_WAIT,	19785,	99,	1,	140737018633344
OCL_LAUNCH_PIM,	19785,	97,	1,	reduce_nolocal,	0,	140737018645952
OCL_EVT_WAIT,	19785,	100,	1,	140737018636000
OCL_EVT_WAIT,	19785,	101,	1,	140737018604688
PIMEMU_END,	19785,	102
PIMEMU_END,	19785,	103
OCL_EVT_WAIT,	19785,	104,	1,	140737018787552
OCL_EVT_WAIT,	19785,	105,	1,	140737018793024
OCL_EVT_WAIT,	19785,	106,	1,	140737018645952
PIMEMU_END,	19785,	107
PIMEMU_END,	19785,	108
PIMEMU_END,	19785,	109
PIMEMU_END,	19785,	110
PIMEMU_END,	19785,	111
PIMEMU_END,	19785,	112
PIMEMU_END,	19785,	113
PIMEMU_END,	19785,	114
PIMEMU_END,	19785,	115
PIMEMU_END,	19785,	116
PIMEMU_END,	19785,	117
PIMEMU_END,	19785,	118
PIMEMU_END,	19785,	119
PIMEMU_END,	19785,	120
PIMEMU_END,	19785,	121
PIMEMU_END,	19785,	122
PIMEMU_END,	19785,	123
PIMEMU_END,	19785,	124
PT_LAUNCH,	19785,	125,	4089530112
PT_JOIN,	19785,	126,	4089530112
PT_START,	19799,	0,	19785,	125,	4089530112
PT_EXIT,	19799,	1
OCL_LAUNCH_PIM,	19785,	125,	0,	vertex_gauss_kernel,	0,	140737018596880
PT_LAUNCH,	19785,	127,	4089530112
PT_START,	19800,	0,	19785,	127,	4089530112
PT_JOIN,	19785,	128,	4089530112
PT_EXIT,	19800,	1
OCL_LAUNCH_PIM,	19785,	127,	0,	edge_kernel_1d,	0,	140737018644464
PT_LAUNCH,	19785,	129,	4089530112
PT_START,	19801,	0,	19785,	129,	4089530112
PT_JOIN,	19785,	130,	4089530112
PT_EXIT,	19801,	1
OCL_LAUNCH_PIM,	19785,	129,	0,	reduce_nolocal,	0,	140737018639040
PIMEMU_END,	19785,	131
PIMEMU_END,	19785,	132
PIMEMU_END,	19785,	133
PIMEMU_END,	19785,	134
PIMEMU_END,	19785,	135
PIMEMU_END,	19785,	136
PIMEMU_END,	19785,	137
PIMEMU_END,	19785,	138
PIMEMU_END,	19785,	139
PIMEMU_END,	19785,	140
PIMEMU_END,	19785,	141
PIMEMU_END,	19785,	142
PIMEMU_END,	19785,	143
PIMEMU_END,	19785,	144
PIMEMU_END,	19785,	145
PIMEMU_END,	19785,	146
PT_LAUNCH,	19785,	147,	4089530112
PT_JOIN,	19785,	148,	4089530112
PT_START,	19802,	0,	19785,	147,	4089530112
PT_EXIT,	19802,	1
OCL_LAUNCH_PIM,	19785,	147,	1,	vertex_gauss_kernel,	0,	140737018608144
PT_LAUNCH,	19785,	149,	4089530112
PT_START,	19803,	0,	19785,	149,	4089530112
PT_JOIN,	19785,	150,	4089530112
PT_EXIT,	19803,	1
OCL_LAUNCH_PIM,	19785,	149,	1,	edge_kernel_1d,	0,	140737018806960
PT_LAUNCH,	19785,	151,	4089530112
PT_JOIN,	19785,	152,	4089530112
PT_START,	19804,	0,	19785,	151,	4089530112
PT_EXIT,	19804,	1
OCL_EVT_WAIT,	19785,	153,	1,	140737018596880
OCL_LAUNCH_PIM,	19785,	151,	1,	reduce_nolocal,	0,	140737018603760
OCL_EVT_WAIT,	19785,	154,	1,	140737018644464
OCL_EVT_WAIT,	19785,	155,	1,	140737018639040
PIMEMU_END,	19785,	156
PIMEMU_END,	19785,	157
OCL_EVT_WAIT,	19785,	158,	1,	140737018608144
OCL_EVT_WAIT,	19785,	159,	1,	140737018806960
OCL_EVT_WAIT,	19785,	160,	1,	140737018603760
PIMEMU_END,	19785,	161
PIMEMU_END,	19785,	162
PIMEMU_END,	19785,	163
PIMEMU_END,	19785,	164
PIMEMU_END,	19785,	165
PIMEMU_END,	19785,	166
PIMEMU_END,	19785,	167
PIMEMU_END,	19785,	168
PIMEMU_END,	19785,	169
PIMEMU_END,	19785,	170
PIMEMU_END,	19785,	171
PIMEMU_END,	19785,	172
PIMEMU_END,	19785,	173
PIMEMU_END,	19785,	174
PIMEMU_END,	19785,	175
PIMEMU_END,	19785,	176
PIMEMU_END,	19785,	177
PIMEMU_END,	19785,	178
PT_LAUNCH,	19785,	179,	4089530112
PT_JOIN,	19785,	180,	4089530112
PT_START,	19805,	0,	19785,	179,	4089530112
PT_EXIT,	19805,	1
OCL_LAUNCH_PIM,	19785,	179,	0,	vertex_gauss_kernel,	0,	140737018798464
PT_LAUNCH,	19785,	181,	4089530112
PT_START,	19806,	0,	19785,	181,	4089530112
PT_JOIN,	19785,	182,	4089530112
PT_EXIT,	19806,	1
OCL_LAUNCH_PIM,	19785,	181,	0,	edge_kernel_1d,	0,	140737018691376
PT_LAUNCH,	19785,	183,	4089530112
PT_START,	19807,	0,	19785,	183,	4089530112
PT_JOIN,	19785,	184,	4089530112
PT_EXIT,	19807,	1
OCL_LAUNCH_PIM,	19785,	183,	0,	reduce_nolocal,	0,	140737018696720
PIMEMU_END,	19785,	185
PIMEMU_END,	19785,	186
PIMEMU_END,	19785,	187
PIMEMU_END,	19785,	188
PIMEMU_END,	19785,	189
PIMEMU_END,	19785,	190
PIMEMU_END,	19785,	191
PIMEMU_END,	19785,	192
PIMEMU_END,	19785,	193
PIMEMU_END,	19785,	194
PIMEMU_END,	19785,	195
PIMEMU_END,	19785,	196
PIMEMU_END,	19785,	197
PIMEMU_END,	19785,	198
PIMEMU_END,	19785,	199
PIMEMU_END,	19785,	200
PT_LAUNCH,	19785,	201,	4089530112
PT_START,	19808,	0,	19785,	201,	4089530112
PT_JOIN,	19785,	202,	4089530112
PT_EXIT,	19808,	1
OCL_LAUNCH_PIM,	19785,	201,	1,	vertex_gauss_kernel,	0,	140737018702144
PT_LAUNCH,	19785,	203,	4089530112
PT_START,	19809,	0,	19785,	203,	4089530112
PT_JOIN,	19785,	204,	4089530112
PT_EXIT,	19809,	1
OCL_LAUNCH_PIM,	19785,	203,	1,	edge_kernel_1d,	0,	140737018705520
PT_LAUNCH,	19785,	205,	4089530112
PT_START,	19810,	0,	19785,	205,	4089530112
PT_JOIN,	19785,	206,	4089530112
PT_EXIT,	19810,	1
OCL_EVT_WAIT,	19785,	207,	1,	140737018798464
OCL_LAUNCH_PIM,	19785,	205,	1,	reduce_nolocal,	0,	140737018708832
OCL_EVT_WAIT,	19785,	208,	1,	140737018691376
OCL_EVT_WAIT,	19785,	209,	1,	140737018696720
PIMEMU_END,	19785,	210
PIMEMU_END,	19785,	211
OCL_EVT_WAIT,	19785,	212,	1,	140737018702144
OCL_EVT_WAIT,	19785,	213,	1,	140737018705520
OCL_EVT_WAIT,	19785,	214,	1,	140737018708832
PIMEMU_END,	19785,	215
PIMEMU_END,	19785,	216
PIMEMU_END,	19785,	217
PIMEMU_END,	19785,	218
PIMEMU_END,	19785,	219
PIMEMU_END,	19785,	220
PIMEMU_END,	19785,	221
PIMEMU_END,	19785,	222
PIMEMU_END,	19785,	223
PIMEMU_END,	19785,	224
PIMEMU_END,	19785,	225
PIMEMU_END,	19785,	226
PIMEMU_END,	19785,	227
PIMEMU_END,	19785,	228
PIMEMU_END,	19785,	229
PIMEMU_END,	19785,	230
PIMEMU_END,	19785,	231
PIMEMU_END,	19785,	232
PT_LAUNCH,	19785,	233,	4089530112
PT_START,	19811,	0,	19785,	233,	4089530112
PT_JOIN,	19785,	234,	4089530112
PT_EXIT,	19811,	1
OCL_LAUNCH_PIM,	19785,	233,	0,	vertex_gauss_kernel,	0,	140737018710960
PT_START,	19812,	0,	19785,	235,	4089530112
PT_LAUNCH,	19785,	235,	4089530112
PT_JOIN,	19785,	236,	4089530112
PT_EXIT,	19812,	1
OCL_LAUNCH_PIM,	19785,	235,	0,	edge_kernel_1d,	0,	140737018760688
PT_LAUNCH,	19785,	237,	4089530112
PT_START,	19813,	0,	19785,	237,	4089530112
PT_JOIN,	19785,	238,	4089530112
PT_EXIT,	19813,	1
OCL_LAUNCH_PIM,	19785,	237,	0,	reduce_nolocal,	0,	140737018717664
PIMEMU_END,	19785,	239
PIMEMU_END,	19785,	240
PIMEMU_END,	19785,	241
PIMEMU_END,	19785,	242
PIMEMU_END,	19785,	243
PIMEMU_END,	19785,	244
PIMEMU_END,	19785,	245
PIMEMU_END,	19785,	246
PIMEMU_END,	19785,	247
PIMEMU_END,	19785,	248
PIMEMU_END,	19785,	249
PIMEMU_END,	19785,	250
PIMEMU_END,	19785,	251
PIMEMU_END,	19785,	252
PIMEMU_END,	19785,	253
PIMEMU_END,	19785,	254
PT_LAUNCH,	19785,	255,	4089530112
PT_JOIN,	19785,	256,	4089530112
PT_START,	19814,	0,	19785,	255,	4089530112
PT_EXIT,	19814,	1
OCL_LAUNCH_PIM,	19785,	255,	1,	vertex_gauss_kernel,	0,	140737018721472
PT_LAUNCH,	19785,	257,	4089530112
PT_START,	19815,	0,	19785,	257,	4089530112
PT_JOIN,	19785,	258,	4089530112
PT_EXIT,	19815,	1
OCL_LAUNCH_PIM,	19785,	257,	1,	edge_kernel_1d,	0,	140737018725472
PT_LAUNCH,	19785,	259,	4089530112
PT_START,	19816,	0,	19785,	259,	4089530112
PT_JOIN,	19785,	260,	4089530112
PT_EXIT,	19816,	1
OCL_EVT_WAIT,	19785,	261,	1,	140737018710960
OCL_LAUNCH_PIM,	19785,	259,	1,	reduce_nolocal,	0,	140737018728704
OCL_EVT_WAIT,	19785,	262,	1,	140737018760688
OCL_EVT_WAIT,	19785,	263,	1,	140737018717664
PIMEMU_END,	19785,	264
PIMEMU_END,	19785,	265
OCL_EVT_WAIT,	19785,	266,	1,	140737018721472
OCL_EVT_WAIT,	19785,	267,	1,	140737018725472
OCL_EVT_WAIT,	19785,	268,	1,	140737018728704
PIMEMU_END,	19785,	269
PIMEMU_END,	19785,	270
PIMEMU_END,	19785,	271
PIMEMU_END,	19785,	272
PIMEMU_END,	19785,	273
PIMEMU_END,	19785,	274
PIMEMU_END,	19785,	275
PIMEMU_END,	19785,	276
PIMEMU_END,	19785,	277
PIMEMU_END,	19785,	278
PIMEMU_END,	19785,	279
PIMEMU_END,	19785,	280
PIMEMU_END,	19785,	281
PIMEMU_END,	19785,	282
PIMEMU_END,	19785,	283
PIMEMU_END,	19785,	284
PIMEMU_END,	19785,	285
PIMEMU_END,	19785,	286
PT_LAUNCH,	19785,	287,	4089530112
PT_START,	19817,	0,	19785,	287,	4089530112
PT_JOIN,	19785,	288,	4089530112
PT_EXIT,	19817,	1
OCL_LAUNCH_PIM,	19785,	287,	0,	vertex_gauss_kernel,	0,	140737018724000
PT_LAUNCH,	19785,	289,	4089530112
PT_START,	19818,	0,	19785,	289,	4089530112
PT_JOIN,	19785,	290,	4089530112
PT_EXIT,	19818,	1
OCL_LAUNCH_PIM,	19785,	289,	0,	edge_kernel_1d,	0,	140737018737296
PT_LAUNCH,	19785,	291,	4089530112
PT_JOIN,	19785,	292,	4089530112
PT_START,	19819,	0,	19785,	291,	4089530112
PT_EXIT,	19819,	1
OCL_LAUNCH_PIM,	19785,	291,	0,	reduce_nolocal,	0,	140737018739984
PIMEMU_END,	19785,	293
PIMEMU_END,	19785,	294
PIMEMU_END,	19785,	295
PIMEMU_END,	19785,	296
PIMEMU_END,	19785,	297
PIMEMU_END,	19785,	298
PIMEMU_END,	19785,	299
PIMEMU_END,	19785,	300
PIMEMU_END,	19785,	301
PIMEMU_END,	19785,	302
PIMEMU_END,	19785,	303
PIMEMU_END,	19785,	304
PIMEMU_END,	19785,	305
PIMEMU_END,	19785,	306
PIMEMU_END,	19785,	307
PIMEMU_END,	19785,	308
PT_LAUNCH,	19785,	309,	4089530112
PT_START,	19820,	0,	19785,	309,	4089530112
PT_JOIN,	19785,	310,	4089530112
PT_EXIT,	19820,	1
OCL_LAUNCH_PIM,	19785,	309,	1,	vertex_gauss_kernel,	0,	140737018732384
PT_LAUNCH,	19785,	311,	4089530112
PT_START,	19821,	0,	19785,	311,	4089530112
PT_JOIN,	19785,	312,	4089530112
PT_EXIT,	19821,	1
OCL_LAUNCH_PIM,	19785,	311,	1,	edge_kernel_1d,	0,	140737018744256
PT_LAUNCH,	19785,	313,	4089530112
PT_START,	19822,	0,	19785,	313,	4089530112
PT_JOIN,	19785,	314,	4089530112
PT_EXIT,	19822,	1
OCL_EVT_WAIT,	19785,	315,	1,	140737018724000
OCL_LAUNCH_PIM,	19785,	313,	1,	reduce_nolocal,	0,	140737018735488
OCL_EVT_WAIT,	19785,	316,	1,	140737018737296
OCL_EVT_WAIT,	19785,	317,	1,	140737018739984
PIMEMU_END,	19785,	318
PIMEMU_END,	19785,	319
OCL_EVT_WAIT,	19785,	320,	1,	140737018732384
OCL_EVT_WAIT,	19785,	321,	1,	140737018744256
OCL_EVT_WAIT,	19785,	322,	1,	140737018735488
PIMEMU_END,	19785,	323
PIMEMU_END,	19785,	324
PIMEMU_END,	19785,	325
PIMEMU_END,	19785,	326
PIMEMU_END,	19785,	327
PIMEMU_END,	19785,	328
PIMEMU_END,	19785,	329
PIMEMU_END,	19785,	330
PIMEMU_END,	19785,	331
PIMEMU_END,	19785,	332
PIMEMU_END,	19785,	333
PIMEMU_END,	19785,	334
PIMEMU_END,	19785,	335
PIMEMU_END,	19785,	336
PIMEMU_END,	19785,	337
PIMEMU_END,	19785,	338
PIMEMU_END,	19785,	339
PIMEMU_END,	19785,	340
PT_LAUNCH,	19785,	341,	4089530112
PT_START,	19823,	0,	19785,	341,	4089530112
PT_JOIN,	19785,	342,	4089530112
PT_EXIT,	19823,	1
OCL_LAUNCH_PIM,	19785,	341,	0,	vertex_gauss_kernel,	0,	140737018755232
PT_LAUNCH,	19785,	343,	4089530112
PT_JOIN,	19785,	344,	4089530112
PT_START,	19824,	0,	19785,	343,	4089530112
PT_EXIT,	19824,	1
OCL_LAUNCH_PIM,	19785,	343,	0,	edge_kernel_1d,	0,	140737018817296
PT_LAUNCH,	19785,	345,	4089530112
PT_START,	19825,	0,	19785,	345,	4089530112
PT_JOIN,	19785,	346,	4089530112
PT_EXIT,	19825,	1
OCL_LAUNCH_PIM,	19785,	345,	0,	reduce_nolocal,	0,	140737018820640
PIMEMU_END,	19785,	347
PIMEMU_END,	19785,	348
PIMEMU_END,	19785,	349
PIMEMU_END,	19785,	350
PIMEMU_END,	19785,	351
PIMEMU_END,	19785,	352
PIMEMU_END,	19785,	353
PIMEMU_END,	19785,	354
PIMEMU_END,	19785,	355
PIMEMU_END,	19785,	356
PIMEMU_END,	19785,	357
PIMEMU_END,	19785,	358
PIMEMU_END,	19785,	359
PIMEMU_END,	19785,	360
PIMEMU_END,	19785,	361
PIMEMU_END,	19785,	362
PT_LAUNCH,	19785,	363,	4089530112
PT_START,	19826,	0,	19785,	363,	4089530112
PT_JOIN,	19785,	364,	4089530112
PT_EXIT,	19826,	1
OCL_LAUNCH_PIM,	19785,	363,	1,	vertex_gauss_kernel,	0,	140737018825088
PT_LAUNCH,	19785,	365,	4089530112
PT_START,	19827,	0,	19785,	365,	4089530112
PT_JOIN,	19785,	366,	4089530112
PT_EXIT,	19827,	1
OCL_LAUNCH_PIM,	19785,	365,	1,	edge_kernel_1d,	0,	140737018829104
PT_LAUNCH,	19785,	367,	4089530112
PT_START,	19828,	0,	19785,	367,	4089530112
PT_JOIN,	19785,	368,	4089530112
PT_EXIT,	19828,	1
OCL_EVT_WAIT,	19785,	369,	1,	140737018755232
OCL_LAUNCH_PIM,	19785,	367,	1,	reduce_nolocal,	0,	140737018832512
OCL_EVT_WAIT,	19785,	370,	1,	140737018817296
OCL_EVT_WAIT,	19785,	371,	1,	140737018820640
PIMEMU_END,	19785,	372
PIMEMU_END,	19785,	373
OCL_EVT_WAIT,	19785,	374,	1,	140737018825088
OCL_EVT_WAIT,	19785,	375,	1,	140737018829104
OCL_EVT_WAIT,	19785,	376,	1,	140737018832512
PIMEMU_END,	19785,	377
PIMEMU_END,	19785,	378
PIMEMU_END,	19785,	379
PIMEMU_END,	19785,	380
PIMEMU_END,	19785,	381
PIMEMU_END,	19785,	382
PIMEMU_END,	19785,	383
PIMEMU_END,	19785,	384
PIMEMU_END,	19785,	385
PIMEMU_END,	19785,	386
PIMEMU_END,	19785,	387
PIMEMU_END,	19785,	388
PIMEMU_END,	19785,	389
PIMEMU_END,	19785,	390
PIMEMU_END,	19785,	391
PIMEMU_END,	19785,	392
PIMEMU_END,	19785,	393
PIMEMU_END,	19785,	394
PT_LAUNCH,	19785,	395,	4089530112
PT_JOIN,	19785,	396,	4089530112
PT_START,	19829,	0,	19785,	395,	4089530112
PT_EXIT,	19829,	1
OCL_LAUNCH_PIM,	19785,	395,	0,	vertex_gauss_kernel,	0,	140737018822528
PT_LAUNCH,	19785,	397,	4089530112
PT_START,	19830,	0,	19785,	397,	4089530112
PT_JOIN,	19785,	398,	4089530112
PT_EXIT,	19830,	1
OCL_LAUNCH_PIM,	19785,	397,	0,	edge_kernel_1d,	0,	140737018748192
PT_LAUNCH,	19785,	399,	4089530112
PT_JOIN,	19785,	400,	4089530112
PT_START,	19831,	0,	19785,	399,	4089530112
PT_EXIT,	19831,	1
OCL_LAUNCH_PIM,	19785,	399,	0,	reduce_nolocal,	0,	140737018843088
PIMEMU_END,	19785,	401
PIMEMU_END,	19785,	402
PIMEMU_END,	19785,	403
PIMEMU_END,	19785,	404
PIMEMU_END,	19785,	405
PIMEMU_END,	19785,	406
PIMEMU_END,	19785,	407
PIMEMU_END,	19785,	408
PIMEMU_END,	19785,	409
PIMEMU_END,	19785,	410
PIMEMU_END,	19785,	411
PIMEMU_END,	19785,	412
PIMEMU_END,	19785,	413
PIMEMU_END,	19785,	414
PIMEMU_END,	19785,	415
PIMEMU_END,	19785,	416
PT_LAUNCH,	19785,	417,	4089530112
PT_START,	19832,	0,	19785,	417,	4089530112
PT_JOIN,	19785,	418,	4089530112
PT_EXIT,	19832,	1
OCL_LAUNCH_PIM,	19785,	417,	1,	vertex_gauss_kernel,	0,	140737018837840
PT_LAUNCH,	19785,	419,	4089530112
PT_START,	19833,	0,	19785,	419,	4089530112
PT_JOIN,	19785,	420,	4089530112
PT_EXIT,	19833,	1
OCL_LAUNCH_PIM,	19785,	419,	1,	edge_kernel_1d,	0,	140737018752624
PT_LAUNCH,	19785,	421,	4089530112
PT_START,	19834,	0,	19785,	421,	4089530112
PT_JOIN,	19785,	422,	4089530112
PT_EXIT,	19834,	1
OCL_EVT_WAIT,	19785,	423,	1,	140737018822528
OCL_LAUNCH_PIM,	19785,	421,	1,	reduce_nolocal,	0,	140737018751888
OCL_EVT_WAIT,	19785,	424,	1,	140737018748192
OCL_EVT_WAIT,	19785,	425,	1,	140737018843088
PIMEMU_END,	19785,	426
PIMEMU_END,	19785,	427
OCL_EVT_WAIT,	19785,	428,	1,	140737018837840
OCL_EVT_WAIT,	19785,	429,	1,	140737018752624
OCL_EVT_WAIT,	19785,	430,	1,	140737018751888
PIMEMU_END,	19785,	431
PIMEMU_END,	19785,	432
PIMEMU_END,	19785,	433
PIMEMU_END,	19785,	434
PIMEMU_END,	19785,	435
PIMEMU_END,	19785,	436
PIMEMU_END,	19785,	437
PIMEMU_END,	19785,	438
PIMEMU_END,	19785,	439
PIMEMU_END,	19785,	440
PIMEMU_END,	19785,	441
PIMEMU_END,	19785,	442
PIMEMU_END,	19785,	443
PIMEMU_END,	19785,	444
PIMEMU_END,	19785,	445
PIMEMU_END,	19785,	446
PIMEMU_END,	19785,	447
PIMEMU_END,	19785,	448
PT_LAUNCH,	19785,	449,	4089530112
PT_JOIN,	19785,	450,	4089530112
PT_START,	19835,	0,	19785,	449,	4089530112
PT_EXIT,	19835,	1
OCL_LAUNCH_PIM,	19785,	449,	0,	vertex_gauss_kernel,	0,	140737018746816
PT_LAUNCH,	19785,	451,	4089530112
PT_START,	19836,	0,	19785,	451,	4089530112
PT_JOIN,	19785,	452,	4089530112
PT_EXIT,	19836,	1
OCL_LAUNCH_PIM,	19785,	451,	0,	edge_kernel_1d,	0,	140737018855264
PT_LAUNCH,	19785,	453,	4089530112
PT_JOIN,	19785,	454,	4089530112
PT_START,	19837,	0,	19785,	453,	4089530112
PT_EXIT,	19837,	1
OCL_LAUNCH_PIM,	19785,	453,	0,	reduce_nolocal,	0,	140737018858752
PIMEMU_END,	19785,	455
PIMEMU_END,	19785,	456
PIMEMU_END,	19785,	457
PIMEMU_END,	19785,	458
PIMEMU_END,	19785,	459
PIMEMU_END,	19785,	460
PIMEMU_END,	19785,	461
PIMEMU_END,	19785,	462
PIMEMU_END,	19785,	463
PIMEMU_END,	19785,	464
PIMEMU_END,	19785,	465
PIMEMU_END,	19785,	466
PIMEMU_END,	19785,	467
PIMEMU_END,	19785,	468
PIMEMU_END,	19785,	469
PIMEMU_END,	19785,	470
PT_LAUNCH,	19785,	471,	4089530112
PT_START,	19838,	0,	19785,	471,	4089530112
PT_JOIN,	19785,	472,	4089530112
PT_EXIT,	19838,	1
OCL_LAUNCH_PIM,	19785,	471,	1,	vertex_gauss_kernel,	0,	140737018751264
PT_LAUNCH,	19785,	473,	4089530112
PT_START,	19839,	0,	19785,	473,	4089530112
PT_JOIN,	19785,	474,	4089530112
PT_EXIT,	19839,	1
OCL_LAUNCH_PIM,	19785,	473,	1,	edge_kernel_1d,	0,	140737018865392
PT_LAUNCH,	19785,	475,	4089530112
PT_JOIN,	19785,	476,	4089530112
PT_START,	19840,	0,	19785,	475,	4089530112
PT_EXIT,	19840,	1
OCL_EVT_WAIT,	19785,	477,	1,	140737018746816
OCL_LAUNCH_PIM,	19785,	475,	1,	reduce_nolocal,	0,	140737018868800
OCL_EVT_WAIT,	19785,	478,	1,	140737018855264
OCL_EVT_WAIT,	19785,	479,	1,	140737018858752
PIMEMU_END,	19785,	480
PIMEMU_END,	19785,	481
OCL_EVT_WAIT,	19785,	482,	1,	140737018751264
OCL_EVT_WAIT,	19785,	483,	1,	140737018865392
OCL_EVT_WAIT,	19785,	484,	1,	140737018868800
PIMEMU_END,	19785,	485
PIMEMU_END,	19785,	486
PIMEMU_END,	19785,	487
PIMEMU_END,	19785,	488
PIMEMU_END,	19785,	489
PIMEMU_END,	19785,	490
PIMEMU_END,	19785,	491
PIMEMU_END,	19785,	492
PIMEMU_END,	19785,	493
PIMEMU_END,	19785,	494
PIMEMU_END,	19785,	495
PIMEMU_END,	19785,	496
PIMEMU_END,	19785,	497
PIMEMU_END,	19785,	498
PIMEMU_END,	19785,	499
PIMEMU_END,	19785,	500
PIMEMU_END,	19785,	501
PIMEMU_END,	19785,	502
PT_LAUNCH,	19785,	503,	4089530112
PT_JOIN,	19785,	504,	4089530112
PT_START,	19841,	0,	19785,	503,	4089530112
PT_EXIT,	19841,	1
OCL_LAUNCH_PIM,	19785,	503,	0,	vertex_gauss_kernel,	0,	140737018835776
PT_LAUNCH,	19785,	505,	4089530112
PT_START,	19842,	0,	19785,	505,	4089530112
PT_JOIN,	19785,	506,	4089530112
PT_EXIT,	19842,	1
OCL_LAUNCH_PIM,	19785,	505,	0,	edge_kernel_1d,	0,	140737018874160
PT_LAUNCH,	19785,	507,	4089530112
PT_START,	19843,	0,	19785,	507,	4089530112
PT_JOIN,	19785,	508,	4089530112
PT_EXIT,	19843,	1
OCL_LAUNCH_PIM,	19785,	507,	0,	reduce_nolocal,	0,	140737018877568
PIMEMU_END,	19785,	509
PIMEMU_END,	19785,	510
PIMEMU_END,	19785,	511
PIMEMU_END,	19785,	512
PIMEMU_END,	19785,	513
PIMEMU_END,	19785,	514
PIMEMU_END,	19785,	515
PIMEMU_END,	19785,	516
PIMEMU_END,	19785,	517
PIMEMU_END,	19785,	518
PIMEMU_END,	19785,	519
PIMEMU_END,	19785,	520
PIMEMU_END,	19785,	521
PIMEMU_END,	19785,	522
PIMEMU_END,	19785,	523
PIMEMU_END,	19785,	524
PT_LAUNCH,	19785,	525,	4089530112
PT_START,	19844,	0,	19785,	525,	4089530112
PT_JOIN,	19785,	526,	4089530112
PT_EXIT,	19844,	1
OCL_LAUNCH_PIM,	19785,	525,	1,	vertex_gauss_kernel,	0,	140737018885680
PT_LAUNCH,	19785,	527,	4089530112
PT_JOIN,	19785,	528,	4089530112
PT_START,	19845,	0,	19785,	527,	4089530112
PT_EXIT,	19845,	1
OCL_LAUNCH_PIM,	19785,	527,	1,	edge_kernel_1d,	0,	140737018870464
PT_LAUNCH,	19785,	529,	4089530112
PT_START,	19846,	0,	19785,	529,	4089530112
PT_JOIN,	19785,	530,	4089530112
PT_EXIT,	19846,	1
OCL_EVT_WAIT,	19785,	531,	1,	140737018835776
OCL_LAUNCH_PIM,	19785,	529,	1,	reduce_nolocal,	0,	140737018896032
OCL_EVT_WAIT,	19785,	532,	1,	140737018874160
OCL_EVT_WAIT,	19785,	533,	1,	140737018877568
PIMEMU_END,	19785,	534
PIMEMU_END,	19785,	535
OCL_EVT_WAIT,	19785,	536,	1,	140737018885680
OCL_EVT_WAIT,	19785,	537,	1,	140737018870464
OCL_EVT_WAIT,	19785,	538,	1,	140737018896032
PIMEMU_END,	19785,	539
PIMEMU_END,	19785,	540
PIMEMU_END,	19785,	541
PIMEMU_END,	19785,	542
PIMEMU_END,	19785,	543
PIMEMU_END,	19785,	544
PIMEMU_END,	19785,	545
PIMEMU_END,	19785,	546
PIMEMU_END,	19785,	547
PIMEMU_END,	19785,	548
PIMEMU_END,	19785,	549
PIMEMU_END,	19785,	550
PIMEMU_END,	19785,	551
PIMEMU_END,	19785,	552
PIMEMU_END,	19785,	553
PIMEMU_END,	19785,	554
PIMEMU_END,	19785,	555
PIMEMU_END,	19785,	556
PT_LAUNCH,	19785,	557,	4089530112
PT_JOIN,	19785,	558,	4089530112
PT_START,	19847,	0,	19785,	557,	4089530112
PT_EXIT,	19847,	1
OCL_LAUNCH_PIM,	19785,	557,	0,	vertex_gauss_kernel,	0,	140737018641616
PT_LAUNCH,	19785,	559,	4089530112
PT_START,	19848,	0,	19785,	559,	4089530112
PT_JOIN,	19785,	560,	4089530112
PT_EXIT,	19848,	1
OCL_LAUNCH_PIM,	19785,	559,	0,	edge_kernel_1d,	0,	140737018883200
PT_LAUNCH,	19785,	561,	4089530112
PT_JOIN,	19785,	562,	4089530112
PT_START,	19849,	0,	19785,	561,	4089530112
PT_EXIT,	19849,	1
OCL_LAUNCH_PIM,	19785,	561,	0,	reduce_nolocal,	0,	140737018889424
PIMEMU_END,	19785,	563
PIMEMU_END,	19785,	564
PIMEMU_END,	19785,	565
PIMEMU_END,	19785,	566
PIMEMU_END,	19785,	567
PIMEMU_END,	19785,	568
PIMEMU_END,	19785,	569
PIMEMU_END,	19785,	570
PIMEMU_END,	19785,	571
PIMEMU_END,	19785,	572
PIMEMU_END,	19785,	573
PIMEMU_END,	19785,	574
PIMEMU_END,	19785,	575
PIMEMU_END,	19785,	576
PIMEMU_END,	19785,	577
PIMEMU_END,	19785,	578
PT_LAUNCH,	19785,	579,	4089530112
PT_JOIN,	19785,	580,	4089530112
PT_START,	19850,	0,	19785,	579,	4089530112
PT_EXIT,	19850,	1
OCL_LAUNCH_PIM,	19785,	579,	1,	vertex_gauss_kernel,	0,	140737018911856
PT_START,	19851,	0,	19785,	581,	4089530112
PT_LAUNCH,	19785,	581,	4089530112
PT_JOIN,	19785,	582,	4089530112
PT_EXIT,	19851,	1
OCL_LAUNCH_PIM,	19785,	581,	1,	edge_kernel_1d,	0,	140737018915840
PT_LAUNCH,	19785,	583,	4089530112
PT_JOIN,	19785,	584,	4089530112
PT_START,	19852,	0,	19785,	583,	4089530112
PT_EXIT,	19852,	1
OCL_EVT_WAIT,	19785,	585,	1,	140737018641616
OCL_LAUNCH_PIM,	19785,	583,	1,	reduce_nolocal,	0,	140737018919328
OCL_EVT_WAIT,	19785,	586,	1,	140737018883200
OCL_EVT_WAIT,	19785,	587,	1,	140737018889424
PIMEMU_END,	19785,	588
PIMEMU_END,	19785,	589
OCL_EVT_WAIT,	19785,	590,	1,	140737018911856
OCL_EVT_WAIT,	19785,	591,	1,	140737018915840
OCL_EVT_WAIT,	19785,	592,	1,	140737018919328
PIMEMU_END,	19785,	593
PIMEMU_END,	19785,	594
PIMEMU_END,	19785,	595
PIMEMU_END,	19785,	596
PIMEMU_END,	19785,	597
PIMEMU_END,	19785,	598
PIMEMU_END,	19785,	599
PIMEMU_END,	19785,	600
PIMEMU_END,	19785,	601
PIMEMU_END,	19785,	602
PIMEMU_END,	19785,	603
PIMEMU_END,	19785,	604
PIMEMU_END,	19785,	605
PIMEMU_END,	19785,	606
PIMEMU_END,	19785,	607
PIMEMU_END,	19785,	608
PIMEMU_END,	19785,	609
PIMEMU_END,	19785,	610
PT_LAUNCH,	19785,	611,	4089530112
PT_JOIN,	19785,	612,	4089530112
PT_START,	19853,	0,	19785,	611,	4089530112
PT_EXIT,	19853,	1
OCL_LAUNCH_PIM,	19785,	611,	0,	vertex_gauss_kernel,	0,	140737018913664
PT_LAUNCH,	19785,	613,	4089530112
PT_START,	19854,	0,	19785,	613,	4089530112
PT_JOIN,	19785,	614,	4089530112
PT_EXIT,	19854,	1
OCL_LAUNCH_PIM,	19785,	613,	0,	edge_kernel_1d,	0,	140737018900272
PT_LAUNCH,	19785,	615,	4089530112
PT_START,	19855,	0,	19785,	615,	4089530112
PT_JOIN,	19785,	616,	4089530112
PT_EXIT,	19855,	1
OCL_LAUNCH_PIM,	19785,	615,	0,	reduce_nolocal,	0,	140737018910288
PIMEMU_END,	19785,	617
PIMEMU_END,	19785,	618
PIMEMU_END,	19785,	619
PIMEMU_END,	19785,	620
PIMEMU_END,	19785,	621
PIMEMU_END,	19785,	622
PIMEMU_END,	19785,	623
PIMEMU_END,	19785,	624
PIMEMU_END,	19785,	625
PIMEMU_END,	19785,	626
PIMEMU_END,	19785,	627
PIMEMU_END,	19785,	628
PIMEMU_END,	19785,	629
PIMEMU_END,	19785,	630
PIMEMU_END,	19785,	631
PIMEMU_END,	19785,	632
PT_LAUNCH,	19785,	633,	4089530112
PT_START,	19856,	0,	19785,	633,	4089530112
PT_JOIN,	19785,	634,	4089530112
PT_EXIT,	19856,	1
OCL_LAUNCH_PIM,	19785,	633,	1,	vertex_gauss_kernel,	0,	140737018926880
PT_LAUNCH,	19785,	635,	4089530112
PT_JOIN,	19785,	636,	4089530112
PT_START,	19857,	0,	19785,	635,	4089530112
PT_EXIT,	19857,	1
OCL_LAUNCH_PIM,	19785,	635,	1,	edge_kernel_1d,	0,	140737018906880
PT_LAUNCH,	19785,	637,	4089530112
PT_START,	19858,	0,	19785,	637,	4089530112
PT_JOIN,	19785,	638,	4089530112
PT_EXIT,	19858,	1
OCL_EVT_WAIT,	19785,	639,	1,	140737018913664
OCL_LAUNCH_PIM,	19785,	637,	1,	reduce_nolocal,	0,	140737018908544
OCL_EVT_WAIT,	19785,	640,	1,	140737018900272
OCL_EVT_WAIT,	19785,	641,	1,	140737018910288
PIMEMU_END,	19785,	642
PIMEMU_END,	19785,	643
OCL_EVT_WAIT,	19785,	644,	1,	140737018926880
OCL_EVT_WAIT,	19785,	645,	1,	140737018906880
OCL_EVT_WAIT,	19785,	646,	1,	140737018908544
PIMEMU_END,	19785,	647
PIMEMU_END,	19785,	648
PIMEMU_END,	19785,	649
PIMEMU_END,	19785,	650
PIMEMU_END,	19785,	651
PIMEMU_END,	19785,	652
PIMEMU_END,	19785,	653
PIMEMU_END,	19785,	654
PIMEMU_END,	19785,	655
PIMEMU_END,	19785,	656
PIMEMU_END,	19785,	657
PIMEMU_END,	19785,	658
PIMEMU_END,	19785,	659
PIMEMU_END,	19785,	660
PIMEMU_END,	19785,	661
PIMEMU_END,	19785,	662
PIMEMU_END,	19785,	663
PIMEMU_END,	19785,	664
PT_LAUNCH,	19785,	665,	4089530112
PT_JOIN,	19785,	666,	4089530112
PT_START,	19859,	0,	19785,	665,	4089530112
PT_EXIT,	19859,	1
OCL_LAUNCH_PIM,	19785,	665,	0,	vertex_gauss_kernel,	0,	140737018933216
PT_LAUNCH,	19785,	667,	4089530112
PT_START,	19860,	0,	19785,	667,	4089530112
PT_JOIN,	19785,	668,	4089530112
PT_EXIT,	19860,	1
OCL_LAUNCH_PIM,	19785,	667,	0,	edge_kernel_1d,	0,	140737018940576
PT_LAUNCH,	19785,	669,	4089530112
PT_START,	19861,	0,	19785,	669,	4089530112
PT_JOIN,	19785,	670,	4089530112
PT_EXIT,	19861,	1
OCL_LAUNCH_PIM,	19785,	669,	0,	reduce_nolocal,	0,	140737018943856
PIMEMU_END,	19785,	671
PIMEMU_END,	19785,	672
PIMEMU_END,	19785,	673
PIMEMU_END,	19785,	674
PIMEMU_END,	19785,	675
PIMEMU_END,	19785,	676
PIMEMU_END,	19785,	677
PIMEMU_END,	19785,	678
PIMEMU_END,	19785,	679
PIMEMU_END,	19785,	680
PIMEMU_END,	19785,	681
PIMEMU_END,	19785,	682
PIMEMU_END,	19785,	683
PIMEMU_END,	19785,	684
PIMEMU_END,	19785,	685
PIMEMU_END,	19785,	686
PT_LAUNCH,	19785,	687,	4089530112
PT_JOIN,	19785,	688,	4089530112
PT_START,	19862,	0,	19785,	687,	4089530112
PT_EXIT,	19862,	1
OCL_LAUNCH_PIM,	19785,	687,	1,	vertex_gauss_kernel,	0,	140737018906128
PT_LAUNCH,	19785,	689,	4089530112
PT_JOIN,	19785,	690,	4089530112
PT_START,	19863,	0,	19785,	689,	4089530112
PT_EXIT,	19863,	1
OCL_LAUNCH_PIM,	19785,	689,	1,	edge_kernel_1d,	0,	140737018950240
PT_LAUNCH,	19785,	691,	4089530112
PT_START,	19864,	0,	19785,	691,	4089530112
PT_JOIN,	19785,	692,	4089530112
PT_EXIT,	19864,	1
OCL_EVT_WAIT,	19785,	693,	1,	140737018933216
OCL_LAUNCH_PIM,	19785,	691,	1,	reduce_nolocal,	0,	140737018953744
OCL_EVT_WAIT,	19785,	694,	1,	140737018940576
OCL_EVT_WAIT,	19785,	695,	1,	140737018943856
PIMEMU_END,	19785,	696
PIMEMU_END,	19785,	697
OCL_EVT_WAIT,	19785,	698,	1,	140737018906128
OCL_EVT_WAIT,	19785,	699,	1,	140737018950240
OCL_EVT_WAIT,	19785,	700,	1,	140737018953744
PIMEMU_END,	19785,	701
PIMEMU_END,	19785,	702
PIMEMU_END,	19785,	703
PIMEMU_END,	19785,	704
PIMEMU_END,	19785,	705
PIMEMU_END,	19785,	706
PIMEMU_END,	19785,	707
PIMEMU_END,	19785,	708
PIMEMU_END,	19785,	709
PIMEMU_END,	19785,	710
PIMEMU_END,	19785,	711
PIMEMU_END,	19785,	712
PIMEMU_END,	19785,	713
PIMEMU_END,	19785,	714
PIMEMU_END,	19785,	715
PIMEMU_END,	19785,	716
PIMEMU_END,	19785,	717
PIMEMU_END,	19785,	718
PT_LAUNCH,	19785,	719,	4089530112
PT_START,	19865,	0,	19785,	719,	4089530112
PT_JOIN,	19785,	720,	4089530112
PT_EXIT,	19865,	1
OCL_LAUNCH_PIM,	19785,	719,	0,	vertex_gauss_kernel,	0,	140737018947952
PT_LAUNCH,	19785,	721,	4089530112
PT_JOIN,	19785,	722,	4089530112
PT_START,	19866,	0,	19785,	721,	4089530112
PT_EXIT,	19866,	1
OCL_LAUNCH_PIM,	19785,	721,	0,	edge_kernel_1d,	0,	140737018959440
PT_LAUNCH,	19785,	723,	4089530112
PT_START,	19867,	0,	19785,	723,	4089530112
PT_JOIN,	19785,	724,	4089530112
PT_EXIT,	19867,	1
OCL_LAUNCH_PIM,	19785,	723,	0,	reduce_nolocal,	0,	140737018962320
PIMEMU_END,	19785,	725
PIMEMU_END,	19785,	726
PIMEMU_END,	19785,	727
PIMEMU_END,	19785,	728
PIMEMU_END,	19785,	729
PIMEMU_END,	19785,	730
PIMEMU_END,	19785,	731
PIMEMU_END,	19785,	732
PIMEMU_END,	19785,	733
PIMEMU_END,	19785,	734
PIMEMU_END,	19785,	735
PIMEMU_END,	19785,	736
PIMEMU_END,	19785,	737
PIMEMU_END,	19785,	738
PIMEMU_END,	19785,	739
PIMEMU_END,	19785,	740
PT_LAUNCH,	19785,	741,	4089530112
PT_JOIN,	19785,	742,	4089530112
PT_START,	19868,	0,	19785,	741,	4089530112
PT_EXIT,	19868,	1
OCL_LAUNCH_PIM,	19785,	741,	1,	vertex_gauss_kernel,	0,	140737018924288
PT_LAUNCH,	19785,	743,	4089530112
PT_START,	19869,	0,	19785,	743,	4089530112
PT_JOIN,	19785,	744,	4089530112
PT_EXIT,	19869,	1
OCL_LAUNCH_PIM,	19785,	743,	1,	edge_kernel_1d,	0,	140737018902896
PT_LAUNCH,	19785,	745,	4089530112
PT_START,	19870,	0,	19785,	745,	4089530112
PT_JOIN,	19785,	746,	4089530112
PT_EXIT,	19870,	1
OCL_EVT_WAIT,	19785,	747,	1,	140737018947952
OCL_LAUNCH_PIM,	19785,	745,	1,	reduce_nolocal,	0,	140737018904848
OCL_EVT_WAIT,	19785,	748,	1,	140737018959440
OCL_EVT_WAIT,	19785,	749,	1,	140737018962320
PIMEMU_END,	19785,	750
PIMEMU_END,	19785,	751
OCL_EVT_WAIT,	19785,	752,	1,	140737018924288
OCL_EVT_WAIT,	19785,	753,	1,	140737018902896
OCL_EVT_WAIT,	19785,	754,	1,	140737018904848
PIMEMU_END,	19785,	755
PIMEMU_END,	19785,	756
PIMEMU_END,	19785,	757
PIMEMU_END,	19785,	758
PIMEMU_END,	19785,	759
PIMEMU_END,	19785,	760
PIMEMU_END,	19785,	761
PIMEMU_END,	19785,	762
PIMEMU_END,	19785,	763
PIMEMU_END,	19785,	764
PIMEMU_END,	19785,	765
PIMEMU_END,	19785,	766
PIMEMU_END,	19785,	767
PIMEMU_END,	19785,	768
PIMEMU_END,	19785,	769
PIMEMU_END,	19785,	770
PIMEMU_END,	19785,	771
PIMEMU_END,	19785,	772
PT_LAUNCH,	19785,	773,	4089530112
PT_JOIN,	19785,	774,	4089530112
PT_START,	19871,	0,	19785,	773,	4089530112
PT_EXIT,	19871,	1
OCL_LAUNCH_PIM,	19785,	773,	0,	vertex_gauss_kernel,	0,	140737018966048
PT_LAUNCH,	19785,	775,	4089530112
PT_START,	19872,	0,	19785,	775,	4089530112
PT_JOIN,	19785,	776,	4089530112
PT_EXIT,	19872,	1
OCL_LAUNCH_PIM,	19785,	775,	0,	edge_kernel_1d,	0,	140737018984064
PT_LAUNCH,	19785,	777,	4089530112
PT_START,	19873,	0,	19785,	777,	4089530112
PT_JOIN,	19785,	778,	4089530112
PT_EXIT,	19873,	1
OCL_LAUNCH_PIM,	19785,	777,	0,	reduce_nolocal,	0,	140737018989168
PIMEMU_END,	19785,	779
PIMEMU_END,	19785,	780
PIMEMU_END,	19785,	781
PIMEMU_END,	19785,	782
PIMEMU_END,	19785,	783
PIMEMU_END,	19785,	784
PIMEMU_END,	19785,	785
PIMEMU_END,	19785,	786
PIMEMU_END,	19785,	787
PIMEMU_END,	19785,	788
PIMEMU_END,	19785,	789
PIMEMU_END,	19785,	790
PIMEMU_END,	19785,	791
PIMEMU_END,	19785,	792
PIMEMU_END,	19785,	793
PIMEMU_END,	19785,	794
PT_LAUNCH,	19785,	795,	4089530112
PT_JOIN,	19785,	796,	4089530112
PT_START,	19874,	0,	19785,	795,	4089530112
PT_EXIT,	19874,	1
OCL_LAUNCH_PIM,	19785,	795,	1,	vertex_gauss_kernel,	0,	140737018968096
PT_LAUNCH,	19785,	797,	4089530112
PT_JOIN,	19785,	798,	4089530112
PT_START,	19875,	0,	19785,	797,	4089530112
PT_EXIT,	19875,	1
OCL_LAUNCH_PIM,	19785,	797,	1,	edge_kernel_1d,	0,	140737018975568
PT_START,	19876,	0,	19785,	799,	4089530112
PT_LAUNCH,	19785,	799,	4089530112
PT_JOIN,	19785,	800,	4089530112
PT_EXIT,	19876,	1
OCL_EVT_WAIT,	19785,	801,	1,	140737018966048
OCL_LAUNCH_PIM,	19785,	799,	1,	reduce_nolocal,	0,	140737018969568
OCL_EVT_WAIT,	19785,	802,	1,	140737018984064
OCL_EVT_WAIT,	19785,	803,	1,	140737018989168
PIMEMU_END,	19785,	804
PIMEMU_END,	19785,	805
OCL_EVT_WAIT,	19785,	806,	1,	140737018968096
OCL_EVT_WAIT,	19785,	807,	1,	140737018975568
OCL_EVT_WAIT,	19785,	808,	1,	140737018969568
PIMEMU_END,	19785,	809
PIMEMU_END,	19785,	810
PIMEMU_END,	19785,	811
PIMEMU_END,	19785,	812
PIMEMU_END,	19785,	813
PIMEMU_END,	19785,	814
PIMEMU_END,	19785,	815
PIMEMU_END,	19785,	816
PIMEMU_END,	19785,	817
PIMEMU_END,	19785,	818
PIMEMU_END,	19785,	819
PIMEMU_END,	19785,	820
PIMEMU_END,	19785,	821
PIMEMU_END,	19785,	822
PIMEMU_END,	19785,	823
PIMEMU_END,	19785,	824
PIMEMU_END,	19785,	825
PIMEMU_END,	19785,	826
PT_LAUNCH,	19785,	827,	4089530112
PT_JOIN,	19785,	828,	4089530112
PT_START,	19877,	0,	19785,	827,	4089530112
PT_EXIT,	19877,	1
OCL_LAUNCH_PIM,	19785,	827,	0,	vertex_gauss_kernel,	0,	140737018977616
PT_LAUNCH,	19785,	829,	4089530112
PT_START,	19878,	0,	19785,	829,	4089530112
PT_JOIN,	19785,	830,	4089530112
PT_EXIT,	19878,	1
OCL_LAUNCH_PIM,	19785,	829,	0,	edge_kernel_1d,	0,	140737019003584
PT_LAUNCH,	19785,	831,	4089530112
PT_JOIN,	19785,	832,	4089530112
PT_START,	19879,	0,	19785,	831,	4089530112
PT_EXIT,	19879,	1
OCL_LAUNCH_PIM,	19785,	831,	0,	reduce_nolocal,	0,	140737019005776
PIMEMU_END,	19785,	833
PIMEMU_END,	19785,	834
PIMEMU_END,	19785,	835
PIMEMU_END,	19785,	836
PIMEMU_END,	19785,	837
PIMEMU_END,	19785,	838
PIMEMU_END,	19785,	839
PIMEMU_END,	19785,	840
PIMEMU_END,	19785,	841
PIMEMU_END,	19785,	842
PIMEMU_END,	19785,	843
PIMEMU_END,	19785,	844
PIMEMU_END,	19785,	845
PIMEMU_END,	19785,	846
PIMEMU_END,	19785,	847
PIMEMU_END,	19785,	848
PT_LAUNCH,	19785,	849,	4089530112
PT_JOIN,	19785,	850,	4089530112
PT_START,	19880,	0,	19785,	849,	4089530112
PT_EXIT,	19880,	1
OCL_LAUNCH_PIM,	19785,	849,	1,	vertex_gauss_kernel,	0,	140737018997840
PT_LAUNCH,	19785,	851,	4089530112
PT_START,	19881,	0,	19785,	851,	4089530112
PT_JOIN,	19785,	852,	4089530112
PT_EXIT,	19881,	1
OCL_LAUNCH_PIM,	19785,	851,	1,	edge_kernel_1d,	0,	140737019010480
PT_LAUNCH,	19785,	853,	4089530112
PT_START,	19882,	0,	19785,	853,	4089530112
PT_JOIN,	19785,	854,	4089530112
PT_EXIT,	19882,	1
OCL_EVT_WAIT,	19785,	855,	1,	140737018977616
OCL_LAUNCH_PIM,	19785,	853,	1,	reduce_nolocal,	0,	140737019016720
OCL_EVT_WAIT,	19785,	856,	1,	140737019003584
OCL_EVT_WAIT,	19785,	857,	1,	140737019005776
PIMEMU_END,	19785,	858
PIMEMU_END,	19785,	859
OCL_EVT_WAIT,	19785,	860,	1,	140737018997840
OCL_EVT_WAIT,	19785,	861,	1,	140737019010480
OCL_EVT_WAIT,	19785,	862,	1,	140737019016720
PIMEMU_END,	19785,	863
PIMEMU_END,	19785,	864
PIMEMU_END,	19785,	865
PIMEMU_END,	19785,	866
PIMEMU_END,	19785,	867
PIMEMU_END,	19785,	868
PIMEMU_END,	19785,	869
PIMEMU_END,	19785,	870
PIMEMU_END,	19785,	871
PIMEMU_END,	19785,	872
PIMEMU_END,	19785,	873
PIMEMU_END,	19785,	874
PIMEMU_END,	19785,	875
PIMEMU_END,	19785,	876
PIMEMU_END,	19785,	877
PIMEMU_END,	19785,	878
PIMEMU_END,	19785,	879
PIMEMU_END,	19785,	880
PT_LAUNCH,	19785,	881,	4089530112
PT_JOIN,	19785,	882,	4089530112
PT_START,	19883,	0,	19785,	881,	4089530112
PT_EXIT,	19883,	1
OCL_LAUNCH_PIM,	19785,	881,	0,	vertex_gauss_kernel,	0,	140737019012560
PT_LAUNCH,	19785,	883,	4089530112
PT_START,	19884,	0,	19785,	883,	4089530112
PT_JOIN,	19785,	884,	4089530112
PT_EXIT,	19884,	1
OCL_LAUNCH_PIM,	19785,	883,	0,	edge_kernel_1d,	0,	140737019021920
PT_LAUNCH,	19785,	885,	4089530112
PT_START,	19885,	0,	19785,	885,	4089530112
PT_JOIN,	19785,	886,	4089530112
PT_EXIT,	19885,	1
OCL_LAUNCH_PIM,	19785,	885,	0,	reduce_nolocal,	0,	140737019418672
PIMEMU_END,	19785,	887
PIMEMU_END,	19785,	888
PIMEMU_END,	19785,	889
PIMEMU_END,	19785,	890
PIMEMU_END,	19785,	891
PIMEMU_END,	19785,	892
PIMEMU_END,	19785,	893
PIMEMU_END,	19785,	894
PIMEMU_END,	19785,	895
PIMEMU_END,	19785,	896
PIMEMU_END,	19785,	897
PIMEMU_END,	19785,	898
PIMEMU_END,	19785,	899
PIMEMU_END,	19785,	900
PIMEMU_END,	19785,	901
PIMEMU_END,	19785,	902
PT_LAUNCH,	19785,	903,	4089530112
PT_START,	19886,	0,	19785,	903,	4089530112
PT_JOIN,	19785,	904,	4089530112
PT_EXIT,	19886,	1
OCL_LAUNCH_PIM,	19785,	903,	1,	vertex_gauss_kernel,	0,	140737019018800
PT_LAUNCH,	19785,	905,	4089530112
PT_START,	19887,	0,	19785,	905,	4089530112
PT_JOIN,	19785,	906,	4089530112
PT_EXIT,	19887,	1
OCL_LAUNCH_PIM,	19785,	905,	1,	edge_kernel_1d,	0,	140737019426400
PT_LAUNCH,	19785,	907,	4089530112
PT_JOIN,	19785,	908,	4089530112
PT_START,	19888,	0,	19785,	907,	4089530112
PT_EXIT,	19888,	1
OCL_EVT_WAIT,	19785,	909,	1,	140737019012560
OCL_LAUNCH_PIM,	19785,	907,	1,	reduce_nolocal,	0,	140737019429792
OCL_EVT_WAIT,	19785,	910,	1,	140737019021920
OCL_EVT_WAIT,	19785,	911,	1,	140737019418672
PIMEMU_END,	19785,	912
PIMEMU_END,	19785,	913
OCL_EVT_WAIT,	19785,	914,	1,	140737019018800
OCL_EVT_WAIT,	19785,	915,	1,	140737019426400
OCL_EVT_WAIT,	19785,	916,	1,	140737019429792
PIMEMU_END,	19785,	917
PIMEMU_END,	19785,	918
PIMEMU_END,	19785,	919
PIMEMU_END,	19785,	920
PIMEMU_END,	19785,	921
PIMEMU_END,	19785,	922
PIMEMU_END,	19785,	923
PIMEMU_END,	19785,	924
PIMEMU_END,	19785,	925
PIMEMU_END,	19785,	926
PIMEMU_END,	19785,	927
PIMEMU_END,	19785,	928
PIMEMU_END,	19785,	929
PIMEMU_END,	19785,	930
PIMEMU_END,	19785,	931
PIMEMU_END,	19785,	932
PIMEMU_END,	19785,	933
PIMEMU_END,	19785,	934
PT_LAUNCH,	19785,	935,	4089530112
PT_START,	19889,	0,	19785,	935,	4089530112
PT_JOIN,	19785,	936,	4089530112
PT_EXIT,	19889,	1
OCL_LAUNCH_PIM,	19785,	935,	0,	vertex_gauss_kernel,	0,	140737019421456
PT_LAUNCH,	19785,	937,	4089530112
PT_START,	19890,	0,	19785,	937,	4089530112
PT_JOIN,	19785,	938,	4089530112
PT_EXIT,	19890,	1
OCL_LAUNCH_PIM,	19785,	937,	0,	edge_kernel_1d,	0,	140737019002288
PT_LAUNCH,	19785,	939,	4089530112
PT_START,	19891,	0,	19785,	939,	4089530112
PT_JOIN,	19785,	940,	4089530112
PT_EXIT,	19891,	1
OCL_LAUNCH_PIM,	19785,	939,	0,	reduce_nolocal,	0,	140737019424416
PIMEMU_END,	19785,	941
PIMEMU_END,	19785,	942
PIMEMU_END,	19785,	943
PIMEMU_END,	19785,	944
PIMEMU_END,	19785,	945
PIMEMU_END,	19785,	946
PIMEMU_END,	19785,	947
PIMEMU_END,	19785,	948
PIMEMU_END,	19785,	949
PIMEMU_END,	19785,	950
PIMEMU_END,	19785,	951
PIMEMU_END,	19785,	952
PIMEMU_END,	19785,	953
PIMEMU_END,	19785,	954
PIMEMU_END,	19785,	955
PIMEMU_END,	19785,	956
PT_LAUNCH,	19785,	957,	4089530112
PT_JOIN,	19785,	958,	4089530112
PT_START,	19892,	0,	19785,	957,	4089530112
PT_EXIT,	19892,	1
OCL_LAUNCH_PIM,	19785,	957,	1,	vertex_gauss_kernel,	0,	140737019433344
PT_LAUNCH,	19785,	959,	4089530112
PT_START,	19893,	0,	19785,	959,	4089530112
PT_JOIN,	19785,	960,	4089530112
PT_EXIT,	19893,	1
OCL_LAUNCH_PIM,	19785,	959,	1,	edge_kernel_1d,	0,	140737019435600
PT_LAUNCH,	19785,	961,	4089530112
PT_START,	19894,	0,	19785,	961,	4089530112
PT_JOIN,	19785,	962,	4089530112
PT_EXIT,	19894,	1
OCL_EVT_WAIT,	19785,	963,	1,	140737019421456
OCL_LAUNCH_PIM,	19785,	961,	1,	reduce_nolocal,	0,	140737019442096
OCL_EVT_WAIT,	19785,	964,	1,	140737019002288
OCL_EVT_WAIT,	19785,	965,	1,	140737019424416
PIMEMU_END,	19785,	966
PIMEMU_END,	19785,	967
OCL_EVT_WAIT,	19785,	968,	1,	140737019433344
OCL_EVT_WAIT,	19785,	969,	1,	140737019435600
OCL_EVT_WAIT,	19785,	970,	1,	140737019442096
PIMEMU_END,	19785,	971
PIMEMU_END,	19785,	972
PIMEMU_END,	19785,	973
PIMEMU_END,	19785,	974
PIMEMU_END,	19785,	975
PIMEMU_END,	19785,	976
PIMEMU_END,	19785,	977
PIMEMU_END,	19785,	978
PIMEMU_END,	19785,	979
PIMEMU_END,	19785,	980
PIMEMU_END,	19785,	981
PIMEMU_END,	19785,	982
PIMEMU_END,	19785,	983
PIMEMU_END,	19785,	984
PIMEMU_END,	19785,	985
PIMEMU_END,	19785,	986
PIMEMU_END,	19785,	987
PIMEMU_END,	19785,	988
PT_LAUNCH,	19785,	989,	4089530112
PT_START,	19895,	0,	19785,	989,	4089530112
PT_JOIN,	19785,	990,	4089530112
PT_EXIT,	19895,	1
OCL_LAUNCH_PIM,	19785,	989,	0,	vertex_gauss_kernel,	0,	140737019444208
PT_LAUNCH,	19785,	991,	4089530112
PT_START,	19896,	0,	19785,	991,	4089530112
PT_JOIN,	19785,	992,	4089530112
PT_EXIT,	19896,	1
OCL_LAUNCH_PIM,	19785,	991,	0,	edge_kernel_1d,	0,	140737019455616
PT_LAUNCH,	19785,	993,	4089530112
PT_START,	19897,	0,	19785,	993,	4089530112
PT_JOIN,	19785,	994,	4089530112
PT_EXIT,	19897,	1
OCL_LAUNCH_PIM,	19785,	993,	0,	reduce_nolocal,	0,	140737019460912
PIMEMU_END,	19785,	995
PIMEMU_END,	19785,	996
PIMEMU_END,	19785,	997
PIMEMU_END,	19785,	998
PIMEMU_END,	19785,	999
PIMEMU_END,	19785,	1000
PIMEMU_END,	19785,	1001
PIMEMU_END,	19785,	1002
PIMEMU_END,	19785,	1003
PIMEMU_END,	19785,	1004
PIMEMU_END,	19785,	1005
PIMEMU_END,	19785,	1006
PIMEMU_END,	19785,	1007
PIMEMU_END,	19785,	1008
PIMEMU_END,	19785,	1009
PIMEMU_END,	19785,	1010
PT_LAUNCH,	19785,	1011,	4089530112
PT_JOIN,	19785,	1012,	4089530112
PT_START,	19898,	0,	19785,	1011,	4089530112
PT_EXIT,	19898,	1
OCL_LAUNCH_PIM,	19785,	1011,	1,	vertex_gauss_kernel,	0,	140737019457728
PT_LAUNCH,	19785,	1013,	4089530112
PT_START,	19899,	0,	19785,	1013,	4089530112
PT_JOIN,	19785,	1014,	4089530112
PT_EXIT,	19899,	1
OCL_LAUNCH_PIM,	19785,	1013,	1,	edge_kernel_1d,	0,	140737019465680
PT_LAUNCH,	19785,	1015,	4089530112
PT_START,	19900,	0,	19785,	1015,	4089530112
PT_JOIN,	19785,	1016,	4089530112
PT_EXIT,	19900,	1
OCL_EVT_WAIT,	19785,	1017,	1,	140737019444208
OCL_LAUNCH_PIM,	19785,	1015,	1,	reduce_nolocal,	0,	140737019469152
OCL_EVT_WAIT,	19785,	1018,	1,	140737019455616
OCL_EVT_WAIT,	19785,	1019,	1,	140737019460912
PIMEMU_END,	19785,	1020
PIMEMU_END,	19785,	1021
OCL_EVT_WAIT,	19785,	1022,	1,	140737019457728
OCL_EVT_WAIT,	19785,	1023,	1,	140737019465680
OCL_EVT_WAIT,	19785,	1024,	1,	140737019469152
PIMEMU_END,	19785,	1025
PIMEMU_END,	19785,	1026
PIMEMU_END,	19785,	1027
PIMEMU_END,	19785,	1028
PIMEMU_END,	19785,	1029
PIMEMU_END,	19785,	1030
PIMEMU_END,	19785,	1031
PIMEMU_END,	19785,	1032
PIMEMU_END,	19785,	1033
PIMEMU_END,	19785,	1034
PIMEMU_END,	19785,	1035
PIMEMU_END,	19785,	1036
PIMEMU_END,	19785,	1037
PIMEMU_END,	19785,	1038
PIMEMU_END,	19785,	1039
PIMEMU_END,	19785,	1040
PIMEMU_END,	19785,	1041
PIMEMU_END,	19785,	1042
PT_LAUNCH,	19785,	1043,	4089530112
PT_START,	19901,	0,	19785,	1043,	4089530112
PT_JOIN,	19785,	1044,	4089530112
PT_EXIT,	19901,	1
OCL_LAUNCH_PIM,	19785,	1043,	0,	vertex_gauss_kernel,	0,	140737019450784
PT_LAUNCH,	19785,	1045,	4089530112
PT_START,	19902,	0,	19785,	1045,	4089530112
PT_JOIN,	19785,	1046,	4089530112
PT_EXIT,	19902,	1
OCL_LAUNCH_PIM,	19785,	1045,	0,	edge_kernel_1d,	0,	140737019439840
PT_LAUNCH,	19785,	1047,	4089530112
PT_START,	19903,	0,	19785,	1047,	4089530112
PT_JOIN,	19785,	1048,	4089530112
PT_EXIT,	19903,	1
OCL_LAUNCH_PIM,	19785,	1047,	0,	reduce_nolocal,	0,	140737019476080
PIMEMU_END,	19785,	1049
PIMEMU_END,	19785,	1050
PIMEMU_END,	19785,	1051
PIMEMU_END,	19785,	1052
PIMEMU_END,	19785,	1053
PIMEMU_END,	19785,	1054
PIMEMU_END,	19785,	1055
PIMEMU_END,	19785,	1056
PIMEMU_END,	19785,	1057
PIMEMU_END,	19785,	1058
PIMEMU_END,	19785,	1059
PIMEMU_END,	19785,	1060
PIMEMU_END,	19785,	1061
PIMEMU_END,	19785,	1062
PIMEMU_END,	19785,	1063
PIMEMU_END,	19785,	1064
PT_LAUNCH,	19785,	1065,	4089530112
PT_JOIN,	19785,	1066,	4089530112
PT_START,	19904,	0,	19785,	1065,	4089530112
PT_EXIT,	19904,	1
OCL_LAUNCH_PIM,	19785,	1065,	1,	vertex_gauss_kernel,	0,	140737019448832
PT_LAUNCH,	19785,	1067,	4089530112
PT_START,	19905,	0,	19785,	1067,	4089530112
PT_JOIN,	19785,	1068,	4089530112
PT_EXIT,	19905,	1
OCL_LAUNCH_PIM,	19785,	1067,	1,	edge_kernel_1d,	0,	140737019484640
PT_LAUNCH,	19785,	1069,	4089530112
PT_JOIN,	19785,	1070,	4089530112
PT_START,	19906,	0,	19785,	1069,	4089530112
PT_EXIT,	19906,	1
OCL_EVT_WAIT,	19785,	1071,	1,	140737019450784
OCL_LAUNCH_PIM,	19785,	1069,	1,	reduce_nolocal,	0,	140737019487888
OCL_EVT_WAIT,	19785,	1072,	1,	140737019439840
OCL_EVT_WAIT,	19785,	1073,	1,	140737019476080
PIMEMU_END,	19785,	1074
PIMEMU_END,	19785,	1075
OCL_EVT_WAIT,	19785,	1076,	1,	140737019448832
OCL_EVT_WAIT,	19785,	1077,	1,	140737019484640
OCL_EVT_WAIT,	19785,	1078,	1,	140737019487888
PIMEMU_END,	19785,	1079
PIMEMU_END,	19785,	1080
PIMEMU_END,	19785,	1081
PIMEMU_END,	19785,	1082
PIMEMU_END,	19785,	1083
PIMEMU_END,	19785,	1084
PIMEMU_END,	19785,	1085
PIMEMU_END,	19785,	1086
PIMEMU_END,	19785,	1087
PIMEMU_END,	19785,	1088
PIMEMU_END,	19785,	1089
PIMEMU_END,	19785,	1090
PIMEMU_END,	19785,	1091
PIMEMU_END,	19785,	1092
PIMEMU_END,	19785,	1093
PIMEMU_END,	19785,	1094
PIMEMU_END,	19785,	1095
PIMEMU_END,	19785,	1096
PT_LAUNCH,	19785,	1097,	4089530112
PT_JOIN,	19785,	1098,	4089530112
PT_START,	19907,	0,	19785,	1097,	4089530112
PT_EXIT,	19907,	1
OCL_LAUNCH_PIM,	19785,	1097,	0,	vertex_gauss_kernel,	0,	140737019479472
PT_LAUNCH,	19785,	1099,	4089530112
PT_START,	19908,	0,	19785,	1099,	4089530112
PT_JOIN,	19785,	1100,	4089530112
PT_EXIT,	19908,	1
OCL_LAUNCH_PIM,	19785,	1099,	0,	edge_kernel_1d,	0,	140737019452368
PT_LAUNCH,	19785,	1101,	4089530112
PT_JOIN,	19785,	1102,	4089530112
PT_START,	19909,	0,	19785,	1101,	4089530112
PT_EXIT,	19909,	1
OCL_LAUNCH_PIM,	19785,	1101,	0,	reduce_nolocal,	0,	140737019454032
PIMEMU_END,	19785,	1103
PIMEMU_END,	19785,	1104
PIMEMU_END,	19785,	1105
PIMEMU_END,	19785,	1106
PIMEMU_END,	19785,	1107
PIMEMU_END,	19785,	1108
PIMEMU_END,	19785,	1109
PIMEMU_END,	19785,	1110
PIMEMU_END,	19785,	1111
PIMEMU_END,	19785,	1112
PIMEMU_END,	19785,	1113
PIMEMU_END,	19785,	1114
PIMEMU_END,	19785,	1115
PIMEMU_END,	19785,	1116
PIMEMU_END,	19785,	1117
PIMEMU_END,	19785,	1118
PT_LAUNCH,	19785,	1119,	4089530112
PT_JOIN,	19785,	1120,	4089530112
PT_START,	19910,	0,	19785,	1119,	4089530112
PT_EXIT,	19910,	1
OCL_LAUNCH_PIM,	19785,	1119,	1,	vertex_gauss_kernel,	0,	140737019495504
PT_LAUNCH,	19785,	1121,	4089530112
PT_START,	19911,	0,	19785,	1121,	4089530112
PT_JOIN,	19785,	1122,	4089530112
PT_EXIT,	19911,	1
OCL_LAUNCH_PIM,	19785,	1121,	1,	edge_kernel_1d,	0,	140737019497456
PT_LAUNCH,	19785,	1123,	4089530112
PT_START,	19912,	0,	19785,	1123,	4089530112
PT_JOIN,	19785,	1124,	4089530112
PT_EXIT,	19912,	1
OCL_EVT_WAIT,	19785,	1125,	1,	140737019479472
OCL_LAUNCH_PIM,	19785,	1123,	1,	reduce_nolocal,	0,	140737019505232
OCL_EVT_WAIT,	19785,	1126,	1,	140737019452368
OCL_EVT_WAIT,	19785,	1127,	1,	140737019454032
PIMEMU_END,	19785,	1128
PIMEMU_END,	19785,	1129
OCL_EVT_WAIT,	19785,	1130,	1,	140737019495504
OCL_EVT_WAIT,	19785,	1131,	1,	140737019497456
OCL_EVT_WAIT,	19785,	1132,	1,	140737019505232
PIMEMU_END,	19785,	1133
PIMEMU_END,	19785,	1134
PIMEMU_END,	19785,	1135
PIMEMU_END,	19785,	1136
PIMEMU_END,	19785,	1137
PIMEMU_END,	19785,	1138
PIMEMU_END,	19785,	1139
PIMEMU_END,	19785,	1140
PIMEMU_END,	19785,	1141
PIMEMU_END,	19785,	1142
PIMEMU_END,	19785,	1143
PIMEMU_END,	19785,	1144
PIMEMU_END,	19785,	1145
PIMEMU_END,	19785,	1146
PIMEMU_END,	19785,	1147
PIMEMU_END,	19785,	1148
PIMEMU_END,	19785,	1149
PIMEMU_END,	19785,	1150
PT_LAUNCH,	19785,	1151,	4089530112
PT_START,	19913,	0,	19785,	1151,	4089530112
PT_JOIN,	19785,	1152,	4089530112
PT_EXIT,	19913,	1
OCL_LAUNCH_PIM,	19785,	1151,	0,	vertex_gauss_kernel,	0,	140737019508960
PT_LAUNCH,	19785,	1153,	4089530112
PT_START,	19914,	0,	19785,	1153,	4089530112
PT_JOIN,	19785,	1154,	4089530112
PT_EXIT,	19914,	1
OCL_LAUNCH_PIM,	19785,	1153,	0,	edge_kernel_1d,	0,	140737019514288
PT_LAUNCH,	19785,	1155,	4089530112
PT_START,	19915,	0,	19785,	1155,	4089530112
PT_JOIN,	19785,	1156,	4089530112
PT_EXIT,	19915,	1
OCL_LAUNCH_PIM,	19785,	1155,	0,	reduce_nolocal,	0,	140737019518256
PIMEMU_END,	19785,	1157
PIMEMU_END,	19785,	1158
PIMEMU_END,	19785,	1159
PIMEMU_END,	19785,	1160
PIMEMU_END,	19785,	1161
PIMEMU_END,	19785,	1162
PIMEMU_END,	19785,	1163
PIMEMU_END,	19785,	1164
PIMEMU_END,	19785,	1165
PIMEMU_END,	19785,	1166
PIMEMU_END,	19785,	1167
PIMEMU_END,	19785,	1168
PIMEMU_END,	19785,	1169
PIMEMU_END,	19785,	1170
PIMEMU_END,	19785,	1171
PIMEMU_END,	19785,	1172
PT_LAUNCH,	19785,	1173,	4089530112
PT_JOIN,	19785,	1174,	4089530112
PT_START,	19916,	0,	19785,	1173,	4089530112
PT_EXIT,	19916,	1
OCL_LAUNCH_PIM,	19785,	1173,	1,	vertex_gauss_kernel,	0,	140737019521392
PT_LAUNCH,	19785,	1175,	4089530112
PT_START,	19917,	0,	19785,	1175,	4089530112
PT_JOIN,	19785,	1176,	4089530112
PT_EXIT,	19917,	1
OCL_LAUNCH_PIM,	19785,	1175,	1,	edge_kernel_1d,	0,	140737019524272
PT_LAUNCH,	19785,	1177,	4089530112
PT_START,	19918,	0,	19785,	1177,	4089530112
PT_JOIN,	19785,	1178,	4089530112
PT_EXIT,	19918,	1
OCL_EVT_WAIT,	19785,	1179,	1,	140737019508960
OCL_LAUNCH_PIM,	19785,	1177,	1,	reduce_nolocal,	0,	140737019527488
OCL_EVT_WAIT,	19785,	1180,	1,	140737019514288
OCL_EVT_WAIT,	19785,	1181,	1,	140737019518256
PIMEMU_END,	19785,	1182
PIMEMU_END,	19785,	1183
OCL_EVT_WAIT,	19785,	1184,	1,	140737019521392
OCL_EVT_WAIT,	19785,	1185,	1,	140737019524272
OCL_EVT_WAIT,	19785,	1186,	1,	140737019527488
PIMEMU_END,	19785,	1187
PIMEMU_END,	19785,	1188
PIMEMU_END,	19785,	1189
PIMEMU_END,	19785,	1190
PIMEMU_END,	19785,	1191
PIMEMU_END,	19785,	1192
PIMEMU_END,	19785,	1193
PIMEMU_END,	19785,	1194
PIMEMU_END,	19785,	1195
PIMEMU_END,	19785,	1196
PIMEMU_END,	19785,	1197
PIMEMU_END,	19785,	1198
PIMEMU_END,	19785,	1199
PIMEMU_END,	19785,	1200
PIMEMU_END,	19785,	1201
PIMEMU_END,	19785,	1202
PIMEMU_END,	19785,	1203
PIMEMU_END,	19785,	1204
PT_LAUNCH,	19785,	1205,	4089530112
PT_JOIN,	19785,	1206,	4089530112
PT_START,	19919,	0,	19785,	1205,	4089530112
PT_EXIT,	19919,	1
OCL_LAUNCH_PIM,	19785,	1205,	0,	vertex_gauss_kernel,	0,	140737019528720
PT_LAUNCH,	19785,	1207,	4089530112
PT_JOIN,	19785,	1208,	4089530112
PT_START,	19920,	0,	19785,	1207,	4089530112
PT_EXIT,	19920,	1
OCL_LAUNCH_PIM,	19785,	1207,	0,	edge_kernel_1d,	0,	140737019500688
PT_LAUNCH,	19785,	1209,	4089530112
PT_START,	19921,	0,	19785,	1209,	4089530112
PT_JOIN,	19785,	1210,	4089530112
PT_EXIT,	19921,	1
OCL_LAUNCH_PIM,	19785,	1209,	0,	reduce_nolocal,	0,	140737019537168
PIMEMU_END,	19785,	1211
PIMEMU_END,	19785,	1212
PIMEMU_END,	19785,	1213
PIMEMU_END,	19785,	1214
PIMEMU_END,	19785,	1215
PIMEMU_END,	19785,	1216
PIMEMU_END,	19785,	1217
PIMEMU_END,	19785,	1218
PIMEMU_END,	19785,	1219
PIMEMU_END,	19785,	1220
PIMEMU_END,	19785,	1221
PIMEMU_END,	19785,	1222
PIMEMU_END,	19785,	1223
PIMEMU_END,	19785,	1224
PIMEMU_END,	19785,	1225
PIMEMU_END,	19785,	1226
PT_LAUNCH,	19785,	1227,	4089530112
PT_START,	19922,	0,	19785,	1227,	4089530112
PT_JOIN,	19785,	1228,	4089530112
PT_EXIT,	19922,	1
OCL_LAUNCH_PIM,	19785,	1227,	1,	vertex_gauss_kernel,	0,	140737019494224
PT_LAUNCH,	19785,	1229,	4089530112
PT_JOIN,	19785,	1230,	4089530112
PT_START,	19923,	0,	19785,	1229,	4089530112
PT_EXIT,	19923,	1
OCL_LAUNCH_PIM,	19785,	1229,	1,	edge_kernel_1d,	0,	140737019536128
PT_LAUNCH,	19785,	1231,	4089530112
PT_START,	19924,	0,	19785,	1231,	4089530112
PT_JOIN,	19785,	1232,	4089530112
PT_EXIT,	19924,	1
OCL_EVT_WAIT,	19785,	1233,	1,	140737019528720
OCL_LAUNCH_PIM,	19785,	1231,	1,	reduce_nolocal,	0,	140737019545312
OCL_EVT_WAIT,	19785,	1234,	1,	140737019500688
OCL_EVT_WAIT,	19785,	1235,	1,	140737019537168
PIMEMU_END,	19785,	1236
PIMEMU_END,	19785,	1237
OCL_EVT_WAIT,	19785,	1238,	1,	140737019494224
OCL_EVT_WAIT,	19785,	1239,	1,	140737019536128
OCL_EVT_WAIT,	19785,	1240,	1,	140737019545312
PIMEMU_END,	19785,	1241
PIMEMU_END,	19785,	1242
PIMEMU_END,	19785,	1243
PIMEMU_END,	19785,	1244
PIMEMU_END,	19785,	1245
PIMEMU_END,	19785,	1246
PIMEMU_END,	19785,	1247
PIMEMU_END,	19785,	1248
PIMEMU_END,	19785,	1249
PIMEMU_END,	19785,	1250
PIMEMU_END,	19785,	1251
PIMEMU_END,	19785,	1252
PIMEMU_END,	19785,	1253
PIMEMU_END,	19785,	1254
PIMEMU_END,	19785,	1255
PIMEMU_END,	19785,	1256
PIMEMU_END,	19785,	1257
PIMEMU_END,	19785,	1258
PT_LAUNCH,	19785,	1259,	4089530112
PT_JOIN,	19785,	1260,	4089530112
PT_START,	19925,	0,	19785,	1259,	4089530112
PT_EXIT,	19925,	1
OCL_LAUNCH_PIM,	19785,	1259,	0,	vertex_gauss_kernel,	0,	140737019492304
PT_LAUNCH,	19785,	1261,	4089530112
PT_START,	19926,	0,	19785,	1261,	4089530112
PT_JOIN,	19785,	1262,	4089530112
PT_EXIT,	19926,	1
OCL_LAUNCH_PIM,	19785,	1261,	0,	edge_kernel_1d,	0,	140737019549552
PT_LAUNCH,	19785,	1263,	4089530112
PT_START,	19927,	0,	19785,	1263,	4089530112
PT_JOIN,	19785,	1264,	4089530112
PT_EXIT,	19927,	1
OCL_LAUNCH_PIM,	19785,	1263,	0,	reduce_nolocal,	0,	140737019553056
PIMEMU_END,	19785,	1265
PIMEMU_END,	19785,	1266
PIMEMU_END,	19785,	1267
PIMEMU_END,	19785,	1268
PIMEMU_END,	19785,	1269
PIMEMU_END,	19785,	1270
PIMEMU_END,	19785,	1271
PIMEMU_END,	19785,	1272
PIMEMU_END,	19785,	1273
PIMEMU_END,	19785,	1274
PIMEMU_END,	19785,	1275
PIMEMU_END,	19785,	1276
PIMEMU_END,	19785,	1277
PIMEMU_END,	19785,	1278
PIMEMU_END,	19785,	1279
PIMEMU_END,	19785,	1280
PT_LAUNCH,	19785,	1281,	4089530112
PT_JOIN,	19785,	1282,	4089530112
PT_START,	19928,	0,	19785,	1281,	4089530112
PT_EXIT,	19928,	1
OCL_LAUNCH_PIM,	19785,	1281,	1,	vertex_gauss_kernel,	0,	140737019556192
PT_LAUNCH,	19785,	1283,	4089530112
PT_START,	19929,	0,	19785,	1283,	4089530112
PT_JOIN,	19785,	1284,	4089530112
PT_EXIT,	19929,	1
OCL_LAUNCH_PIM,	19785,	1283,	1,	edge_kernel_1d,	0,	140737019559952
PT_LAUNCH,	19785,	1285,	4089530112
PT_START,	19930,	0,	19785,	1285,	4089530112
PT_JOIN,	19785,	1286,	4089530112
PT_EXIT,	19930,	1
OCL_EVT_WAIT,	19785,	1287,	1,	140737019492304
OCL_LAUNCH_PIM,	19785,	1285,	1,	reduce_nolocal,	0,	140737019563472
OCL_EVT_WAIT,	19785,	1288,	1,	140737019549552
OCL_EVT_WAIT,	19785,	1289,	1,	140737019553056
PIMEMU_END,	19785,	1290
PIMEMU_END,	19785,	1291
OCL_EVT_WAIT,	19785,	1292,	1,	140737019556192
OCL_EVT_WAIT,	19785,	1293,	1,	140737019559952
OCL_EVT_WAIT,	19785,	1294,	1,	140737019563472
PIMEMU_END,	19785,	1295
PIMEMU_END,	19785,	1296
PIMEMU_END,	19785,	1297
PIMEMU_END,	19785,	1298
PIMEMU_END,	19785,	1299
PIMEMU_END,	19785,	1300
PIMEMU_END,	19785,	1301
PIMEMU_END,	19785,	1302
PIMEMU_END,	19785,	1303
PIMEMU_END,	19785,	1304
PIMEMU_END,	19785,	1305
PIMEMU_END,	19785,	1306
PIMEMU_END,	19785,	1307
PIMEMU_END,	19785,	1308
PIMEMU_END,	19785,	1309
PIMEMU_END,	19785,	1310
PIMEMU_END,	19785,	1311
PIMEMU_END,	19785,	1312
PT_LAUNCH,	19785,	1313,	4089530112
PT_JOIN,	19785,	1314,	4089530112
PT_START,	19931,	0,	19785,	1313,	4089530112
PT_EXIT,	19931,	1
OCL_LAUNCH_PIM,	19785,	1313,	0,	vertex_gauss_kernel,	0,	140737019534016
PT_LAUNCH,	19785,	1315,	4089530112
PT_START,	19932,	0,	19785,	1315,	4089530112
PT_JOIN,	19785,	1316,	4089530112
PT_EXIT,	19932,	1
OCL_LAUNCH_PIM,	19785,	1315,	0,	edge_kernel_1d,	0,	140737019569040
PT_LAUNCH,	19785,	1317,	4089530112
PT_START,	19933,	0,	19785,	1317,	4089530112
PT_JOIN,	19785,	1318,	4089530112
PT_EXIT,	19933,	1
OCL_LAUNCH_PIM,	19785,	1317,	0,	reduce_nolocal,	0,	140737019572352
PIMEMU_END,	19785,	1319
PIMEMU_END,	19785,	1320
PIMEMU_END,	19785,	1321
PIMEMU_END,	19785,	1322
PIMEMU_END,	19785,	1323
PIMEMU_END,	19785,	1324
PIMEMU_END,	19785,	1325
PIMEMU_END,	19785,	1326
PIMEMU_END,	19785,	1327
PIMEMU_END,	19785,	1328
PIMEMU_END,	19785,	1329
PIMEMU_END,	19785,	1330
PIMEMU_END,	19785,	1331
PIMEMU_END,	19785,	1332
PIMEMU_END,	19785,	1333
PIMEMU_END,	19785,	1334
PT_LAUNCH,	19785,	1335,	4089530112
PT_START,	19934,	0,	19785,	1335,	4089530112
PT_JOIN,	19785,	1336,	4089530112
PT_EXIT,	19934,	1
OCL_LAUNCH_PIM,	19785,	1335,	1,	vertex_gauss_kernel,	0,	140737019576992
PT_LAUNCH,	19785,	1337,	4089530112
PT_START,	19935,	0,	19785,	1337,	4089530112
PT_JOIN,	19785,	1338,	4089530112
PT_EXIT,	19935,	1
OCL_LAUNCH_PIM,	19785,	1337,	1,	edge_kernel_1d,	0,	140737019580928
PT_LAUNCH,	19785,	1339,	4089530112
PT_START,	19936,	0,	19785,	1339,	4089530112
PT_JOIN,	19785,	1340,	4089530112
PT_EXIT,	19936,	1
OCL_EVT_WAIT,	19785,	1341,	1,	140737019534016
OCL_LAUNCH_PIM,	19785,	1339,	1,	reduce_nolocal,	0,	140737019584320
OCL_EVT_WAIT,	19785,	1342,	1,	140737019569040
OCL_EVT_WAIT,	19785,	1343,	1,	140737019572352
PIMEMU_END,	19785,	1344
PIMEMU_END,	19785,	1345
OCL_EVT_WAIT,	19785,	1346,	1,	140737019576992
OCL_EVT_WAIT,	19785,	1347,	1,	140737019580928
OCL_EVT_WAIT,	19785,	1348,	1,	140737019584320
PIMEMU_END,	19785,	1349
PIMEMU_END,	19785,	1350
PIMEMU_END,	19785,	1351
PIMEMU_END,	19785,	1352
PIMEMU_END,	19785,	1353
PIMEMU_END,	19785,	1354
PIMEMU_END,	19785,	1355
PIMEMU_END,	19785,	1356
PIMEMU_END,	19785,	1357
PIMEMU_END,	19785,	1358
PIMEMU_END,	19785,	1359
PIMEMU_END,	19785,	1360
PIMEMU_END,	19785,	1361
PIMEMU_END,	19785,	1362
PIMEMU_END,	19785,	1363
PIMEMU_END,	19785,	1364
PIMEMU_END,	19785,	1365
PIMEMU_END,	19785,	1366
PT_LAUNCH,	19785,	1367,	4089530112
PT_JOIN,	19785,	1368,	4089530112
PT_START,	19937,	0,	19785,	1367,	4089530112
PT_EXIT,	19937,	1
OCL_LAUNCH_PIM,	19785,	1367,	0,	vertex_gauss_kernel,	0,	140737019564832
PT_LAUNCH,	19785,	1369,	4089530112
PT_START,	19938,	0,	19785,	1369,	4089530112
PT_JOIN,	19785,	1370,	4089530112
PT_EXIT,	19938,	1
OCL_LAUNCH_PIM,	19785,	1369,	0,	edge_kernel_1d,	0,	140737019576032
PT_LAUNCH,	19785,	1371,	4089530112
PT_START,	19939,	0,	19785,	1371,	4089530112
PT_JOIN,	19785,	1372,	4089530112
PT_EXIT,	19939,	1
OCL_LAUNCH_PIM,	19785,	1371,	0,	reduce_nolocal,	0,	140737019592128
PIMEMU_END,	19785,	1373
PIMEMU_END,	19785,	1374
PIMEMU_END,	19785,	1375
PIMEMU_END,	19785,	1376
PIMEMU_END,	19785,	1377
PIMEMU_END,	19785,	1378
PIMEMU_END,	19785,	1379
PIMEMU_END,	19785,	1380
PIMEMU_END,	19785,	1381
PIMEMU_END,	19785,	1382
PIMEMU_END,	19785,	1383
PIMEMU_END,	19785,	1384
PIMEMU_END,	19785,	1385
PIMEMU_END,	19785,	1386
PIMEMU_END,	19785,	1387
PIMEMU_END,	19785,	1388
PT_LAUNCH,	19785,	1389,	4089530112
PT_START,	19940,	0,	19785,	1389,	4089530112
PT_JOIN,	19785,	1390,	4089530112
PT_EXIT,	19940,	1
OCL_LAUNCH_PIM,	19785,	1389,	1,	vertex_gauss_kernel,	0,	140737019597120
PT_LAUNCH,	19785,	1391,	4089530112
PT_START,	19941,	0,	19785,	1391,	4089530112
PT_JOIN,	19785,	1392,	4089530112
PT_EXIT,	19941,	1
OCL_LAUNCH_PIM,	19785,	1391,	1,	edge_kernel_1d,	0,	140737019601344
PT_LAUNCH,	19785,	1393,	4089530112
PT_START,	19942,	0,	19785,	1393,	4089530112
PT_JOIN,	19785,	1394,	4089530112
PT_EXIT,	19942,	1
OCL_EVT_WAIT,	19785,	1395,	1,	140737019564832
OCL_LAUNCH_PIM,	19785,	1393,	1,	reduce_nolocal,	0,	140737019604368
OCL_EVT_WAIT,	19785,	1396,	1,	140737019576032
OCL_EVT_WAIT,	19785,	1397,	1,	140737019592128
PIMEMU_END,	19785,	1398
PIMEMU_END,	19785,	1399
OCL_EVT_WAIT,	19785,	1400,	1,	140737019597120
OCL_EVT_WAIT,	19785,	1401,	1,	140737019601344
OCL_EVT_WAIT,	19785,	1402,	1,	140737019604368
PIMEMU_END,	19785,	1403
PIMEMU_END,	19785,	1404
PIMEMU_END,	19785,	1405
PIMEMU_END,	19785,	1406
PIMEMU_END,	19785,	1407
PIMEMU_END,	19785,	1408
PIMEMU_END,	19785,	1409
PIMEMU_END,	19785,	1410
PIMEMU_END,	19785,	1411
PIMEMU_END,	19785,	1412
PIMEMU_END,	19785,	1413
PIMEMU_END,	19785,	1414
PIMEMU_END,	19785,	1415
PIMEMU_END,	19785,	1416
PIMEMU_END,	19785,	1417
PIMEMU_END,	19785,	1418
PIMEMU_END,	19785,	1419
PIMEMU_END,	19785,	1420
PT_LAUNCH,	19785,	1421,	4089530112
PT_START,	19943,	0,	19785,	1421,	4089530112
PT_JOIN,	19785,	1422,	4089530112
PT_EXIT,	19943,	1
OCL_LAUNCH_PIM,	19785,	1421,	0,	vertex_gauss_kernel,	0,	140737019595168
PT_LAUNCH,	19785,	1423,	4089530112
PT_START,	19944,	0,	19785,	1423,	4089530112
PT_JOIN,	19785,	1424,	4089530112
PT_EXIT,	19944,	1
OCL_LAUNCH_PIM,	19785,	1423,	0,	edge_kernel_1d,	0,	140737019607744
PT_LAUNCH,	19785,	1425,	4089530112
PT_START,	19945,	0,	19785,	1425,	4089530112
PT_JOIN,	19785,	1426,	4089530112
PT_EXIT,	19945,	1
OCL_LAUNCH_PIM,	19785,	1425,	0,	reduce_nolocal,	0,	140737019612016
PIMEMU_END,	19785,	1427
PIMEMU_END,	19785,	1428
PIMEMU_END,	19785,	1429
PIMEMU_END,	19785,	1430
PIMEMU_END,	19785,	1431
PIMEMU_END,	19785,	1432
PIMEMU_END,	19785,	1433
PIMEMU_END,	19785,	1434
PIMEMU_END,	19785,	1435
PIMEMU_END,	19785,	1436
PIMEMU_END,	19785,	1437
PIMEMU_END,	19785,	1438
PIMEMU_END,	19785,	1439
PIMEMU_END,	19785,	1440
PIMEMU_END,	19785,	1441
PIMEMU_END,	19785,	1442
PT_LAUNCH,	19785,	1443,	4089530112
PT_START,	19946,	0,	19785,	1443,	4089530112
PT_JOIN,	19785,	1444,	4089530112
PT_EXIT,	19946,	1
OCL_LAUNCH_PIM,	19785,	1443,	1,	vertex_gauss_kernel,	0,	140737019616944
PT_LAUNCH,	19785,	1445,	4089530112
PT_START,	19947,	0,	19785,	1445,	4089530112
PT_JOIN,	19785,	1446,	4089530112
PT_EXIT,	19947,	1
OCL_LAUNCH_PIM,	19785,	1445,	1,	edge_kernel_1d,	0,	140737019621104
PT_LAUNCH,	19785,	1447,	4089530112
PT_START,	19948,	0,	19785,	1447,	4089530112
PT_JOIN,	19785,	1448,	4089530112
PT_EXIT,	19948,	1
OCL_EVT_WAIT,	19785,	1449,	1,	140737019595168
OCL_LAUNCH_PIM,	19785,	1447,	1,	reduce_nolocal,	0,	140737019624240
OCL_EVT_WAIT,	19785,	1450,	1,	140737019607744
OCL_EVT_WAIT,	19785,	1451,	1,	140737019612016
PIMEMU_END,	19785,	1452
PIMEMU_END,	19785,	1453
OCL_EVT_WAIT,	19785,	1454,	1,	140737019616944
OCL_EVT_WAIT,	19785,	1455,	1,	140737019621104
OCL_EVT_WAIT,	19785,	1456,	1,	140737019624240
PIMEMU_END,	19785,	1457
PIMEMU_END,	19785,	1458
PIMEMU_END,	19785,	1459
PIMEMU_END,	19785,	1460
PIMEMU_END,	19785,	1461
PIMEMU_END,	19785,	1462
PIMEMU_END,	19785,	1463
PIMEMU_END,	19785,	1464
PIMEMU_END,	19785,	1465
PIMEMU_END,	19785,	1466
PIMEMU_END,	19785,	1467
PIMEMU_END,	19785,	1468
PIMEMU_END,	19785,	1469
PIMEMU_END,	19785,	1470
PIMEMU_END,	19785,	1471
PIMEMU_END,	19785,	1472
PIMEMU_END,	19785,	1473
PIMEMU_END,	19785,	1474
PT_LAUNCH,	19785,	1475,	4089530112
PT_JOIN,	19785,	1476,	4089530112
PT_START,	19949,	0,	19785,	1475,	4089530112
PT_EXIT,	19949,	1
OCL_LAUNCH_PIM,	19785,	1475,	0,	vertex_gauss_kernel,	0,	140737019615312
PT_LAUNCH,	19785,	1477,	4089530112
PT_START,	19950,	0,	19785,	1477,	4089530112
PT_JOIN,	19785,	1478,	4089530112
PT_EXIT,	19950,	1
OCL_LAUNCH_PIM,	19785,	1477,	0,	edge_kernel_1d,	0,	140737019629776
PT_LAUNCH,	19785,	1479,	4089530112
PT_START,	19951,	0,	19785,	1479,	4089530112
PT_JOIN,	19785,	1480,	4089530112
PT_EXIT,	19951,	1
OCL_EVT_WAIT,	19785,	1481,	1,	140737019615312
OCL_LAUNCH_PIM,	19785,	1479,	0,	reduce_nolocal,	0,	140737019633376
OCL_EVT_WAIT,	19785,	1482,	1,	140737019629776
OCL_EVT_WAIT,	19785,	1483,	1,	140737019633376
PIMEMU_END,	19785,	1484
PIMEMU_END,	19785,	1485
PIMEMU_END,	19785,	1486
PIMEMU_LAST,	19785,	1486
