PIMEMU_BEGIN,	16035,	0
PIMEMU_END,	16035,	1
PIMEMU_END,	16035,	2
PIMEMU_END,	16035,	3
PIMEMU_END,	16035,	4
PIMEMU_END,	16035,	5
PIMEMU_END,	16035,	6
PIMEMU_END,	16035,	7
PIMEMU_END,	16035,	8
PIMEMU_END,	16035,	9
PIMEMU_END,	16035,	10
PIMEMU_END,	16035,	11
PIMEMU_END,	16035,	12
PIMEMU_END,	16035,	13
PIMEMU_END,	16035,	14
PIMEMU_END,	16035,	15
PIMEMU_END,	16035,	16
PIMEMU_END,	16035,	17
PIMEMU_END,	16035,	18
PIMEMU_END,	16035,	19
PIMEMU_END,	16035,	20
PIMEMU_END,	16035,	21
PIMEMU_END,	16035,	22
PIMEMU_END,	16035,	23
PIMEMU_END,	16035,	24
PIMEMU_END,	16035,	25
PIMEMU_END,	16035,	26
PIMEMU_END,	16035,	27
PIMEMU_END,	16035,	28
PIMEMU_END,	16035,	29
PIMEMU_END,	16035,	30
PIMEMU_END,	16035,	31
PIMEMU_END,	16035,	32
PIMEMU_END,	16035,	33
PIMEMU_END,	16035,	34
PIMEMU_END,	16035,	35
PIMEMU_END,	16035,	36
PT_LAUNCH,	16035,	37,	3955414784
PT_JOIN,	16035,	38,	3955414784
PT_START,	16053,	0,	16035,	37,	3955414784
PT_EXIT,	16053,	1
OCL_LAUNCH_PIM,	16035,	37,	0,	findK_pim,	0,	140737018654960
PT_LAUNCH,	16035,	39,	3955414784
PT_START,	16054,	0,	16035,	39,	3955414784
PT_JOIN,	16035,	40,	3955414784
PT_EXIT,	16054,	1
OCL_LAUNCH_PIM,	16035,	39,	1,	findK_pim,	0,	140737018702208
PT_LAUNCH,	16035,	41,	3955414784
PT_START,	16055,	0,	16035,	41,	3955414784
PT_JOIN,	16035,	42,	3955414784
PT_EXIT,	16055,	1
OCL_LAUNCH_PIM,	16035,	41,	2,	findK_pim,	0,	140737018605248
PIMEMU_END,	16035,	43
PIMEMU_END,	16035,	44
PIMEMU_END,	16035,	45
PIMEMU_END,	16035,	46
PIMEMU_END,	16035,	47
PIMEMU_END,	16035,	48
PIMEMU_END,	16035,	49
PIMEMU_BEGIN,	16035,	49
PIMEMU_END,	16035,	50
PIMEMU_END,	16035,	51
PIMEMU_END,	16035,	52
PIMEMU_END,	16035,	53
PIMEMU_END,	16035,	54
PIMEMU_END,	16035,	55
PIMEMU_END,	16035,	56
PIMEMU_END,	16035,	57
PIMEMU_END,	16035,	58
PIMEMU_END,	16035,	59
PIMEMU_END,	16035,	60
PIMEMU_END,	16035,	61
PIMEMU_END,	16035,	62
PIMEMU_END,	16035,	63
PIMEMU_END,	16035,	64
PIMEMU_END,	16035,	65
PIMEMU_END,	16035,	66
PIMEMU_END,	16035,	67
PIMEMU_END,	16035,	68
PIMEMU_END,	16035,	69
PIMEMU_END,	16035,	70
PIMEMU_END,	16035,	71
PIMEMU_END,	16035,	72
PIMEMU_END,	16035,	73
PIMEMU_END,	16035,	74
PIMEMU_END,	16035,	75
PIMEMU_END,	16035,	76
PIMEMU_END,	16035,	77
PIMEMU_END,	16035,	78
PIMEMU_END,	16035,	79
PIMEMU_END,	16035,	80
PIMEMU_END,	16035,	81
PIMEMU_END,	16035,	82
PIMEMU_END,	16035,	83
PIMEMU_END,	16035,	84
PIMEMU_END,	16035,	85
PIMEMU_END,	16035,	86
PIMEMU_END,	16035,	87
PIMEMU_END,	16035,	88
PIMEMU_END,	16035,	89
PIMEMU_END,	16035,	90
PIMEMU_END,	16035,	91
PIMEMU_END,	16035,	92
PIMEMU_END,	16035,	93
PIMEMU_END,	16035,	94
PIMEMU_END,	16035,	95
PIMEMU_END,	16035,	96
PIMEMU_END,	16035,	97
PIMEMU_END,	16035,	98
PIMEMU_END,	16035,	99
PIMEMU_END,	16035,	100
PIMEMU_END,	16035,	101
PIMEMU_END,	16035,	102
PIMEMU_END,	16035,	103
PT_LAUNCH,	16035,	104,	3955414784
PT_JOIN,	16035,	105,	3955414784
PT_START,	16056,	0,	16035,	104,	3955414784
PT_EXIT,	16056,	1
OCL_LAUNCH_PIM,	16035,	104,	0,	findRangeK_pim,	0,	140737018596464
PT_LAUNCH,	16035,	106,	3955414784
PT_START,	16057,	0,	16035,	106,	3955414784
PT_JOIN,	16035,	107,	3955414784
PT_EXIT,	16057,	1
OCL_LAUNCH_PIM,	16035,	106,	1,	findRangeK_pim,	0,	140737018635872
PT_LAUNCH,	16035,	108,	3955414784
PT_START,	16058,	0,	16035,	108,	3955414784
PT_JOIN,	16035,	109,	3955414784
PT_EXIT,	16058,	1
OCL_LAUNCH_PIM,	16035,	108,	2,	findRangeK_pim,	0,	140737018680992
PIMEMU_END,	16035,	110
PIMEMU_END,	16035,	111
PIMEMU_END,	16035,	112
PIMEMU_END,	16035,	113
PIMEMU_END,	16035,	114
PIMEMU_END,	16035,	115
PIMEMU_END,	16035,	116
PIMEMU_END,	16035,	117
PIMEMU_END,	16035,	118
PIMEMU_END,	16035,	119
PIMEMU_END,	16035,	120
PIMEMU_END,	16035,	121
PIMEMU_END,	16035,	122
PIMEMU_LAST,	16035,	122
